Address,VoteCount
0x000535ea40436af4dbaa44f76769d819e44990e3,7
0x0035fc5208ef989c28d47e552e92b0c507d2b318,18
0x00444797ba158a7bdb8302e72da98dcbccef0fbc,1
0x00798f57f953fb5b16196602327ba187d7dbbb09,9
0x008756e24b06267b9d2488e5bf50091fc26c8e8d,6
0x0111756986a92af8365ac37b9134b4cda0d4f59c,11
0x018ee61c9e9444b39d8d66d0b63bb58ac089b65a,3
0x0226beb9f0cab5f9bd0c2f94c20b253411eac730,3
0x0275c77993a5fea99233b2a0a3a4e610006dd06a,25
0x02dcac52edeeb8e4f95b6d02ef6d749c3783d20f,20
0x037959944d082d0cb99ae847cd420d62a068a9ac,13
0x040e4d98262facc73bead80b7403b12de3ca6dd3,9
0x045511712d6ae996f21e7fc0c2e9bf7de623e1cb,9
0x0459dda9eb7062e6fdca6293a4c363722fca6102,1
0x049aebdf43417e90640d89fb6c800805f3c08ed1,1
0x04f069c9f2dc23596e2c27627f947e670694991f,7
0x058e9d8448cb27db3dbe073dcb37695351c1d205,3
0x05bad417f48b7c51ab7d00ae3a7dad5d1d192066,20
0x063272aa3857d5e2c8bf8bfce02b014acee85237,1
0x069d7567ea4ac2117ec4656bcf97b31164248f34,5
0x06a90756e57bc7a016eed0ab23fc36d11c42bba0,22
0x06fb051a46cc49d99be778bdd6dcd3519d3820db,4
0x0723dc94d06eab934656feccec5e6d10c2e0a9f7,1
0x07fc0f8632ac66db5be29487090dcbeb3bf3ca1a,15
0x083fc10ce7e97cafbae0fe332a9c4384c5f54e45,7
0x0859e4eaae13e0950e7e56d6eaf58c814c7de806,10
0x0860d1bfde6f4b1ac3c472fb48bf0b3edbd6ce4c,11
0x089acc703d9fd8b14d6e03d4d38561c1d4672dfd,3
0x08ed397b287fe4e1fa5e03f1531f278004ef4831,19
0x08fcb6dc4844e3746bec921ebf44575366d94d31,1
0x096ca3674329bb66dd7cc14d1511dfb7728b9193,3
0x098b1216a72842d0024b637a231ac3a3fd6f7e9e,2
0x09b450ee1040257372f38493d098f372473816cb,1
0x0a92cbf55f80ee0a5af77060ba2c0e233601ad46,24
0x0aa4f9a2603572efd8b28c7c8b0a6c9c1bfeece8,1
0x0ab153f699d8958cada9437a94cd53b834807c6a,4
0x0ad6f0bc2300d311bc51cee76899d1f737748cdf,5
0x0ae186fc7009cbbb5441306b741aac0179140ffb,2
0x0b304924faa64b0f040dca67bc5175dd6078db52,37
0x0d37d9d6dce40f4331caa4a079333d00f67bd12d,1
0x0dac0923f052cd11953e50b0b4bd3367533fe79f,20
0x0e37227c414941380e152de219f4f6fecc8bfe1c,31
0x0e401b6e6e0be96e785af0243f9af61b387ad28e,3
0x0fc71997cad05cd4f75eaa33306207d4ccf62529,12
0x109b9744397acf987a1abb5bb4eef7362ab9ff66,23
0x10e35eb607effc9ae50d5eed55e888b9c30db4a7,2
0x11099ac9cc097d0c9759635b8e16c6a91ecc43da,12
0x1154f8a048d40b0f85d1a38b3742c81b77a20823,1
0x11e90e52d4578ae170a51dab5ee441462d47b904,1
0x125908817fe319cf6bc1b59a9feb1c8651d26c99,1
0x1339042fe3f9316a4d9b71ea28a4b55762a43ea2,1
0x146424a93270c188328ee5ab732cc586e8a9e535,1
0x14b889b25e70f60d8dc0aa5f10c83680add61351,2
0x14ff1a847b2e00c7150293697faa6c93b83437c0,6
0x15e844bdcaf1a38b55ac76e40921c81282ef4c20,3
0x1623b06f4cf1dd0f88b2ccdaeb0811c064c9e982,2
0x168f87fbfe36b84e44b9d06278b2aa1cc73d7400,11
0x1769929794f30038068f3f7b98203a089ef9ebef,10
0x17ccdda3914ab73f480feea2eca6381c2ce6d4b9,1
0x186ef2316273ce96cb41e46dc2a4a367b28c6718,1
0x190256bcd568768866ed408f2c25cf9404366fd6,1
0x196a2a9a22c2fd8f5107e97df9ad14a23e81982b,10
0x1a2fe0ee6ba612cc3cd5c5cb75d458b6b04e1c0a,1
0x1a6e5560d315ca1784ce77db5555ac0a175d92ec,4
0x1a91c0df156a5f38aec0813d055aa0184fc47826,1
0x1ac5d648599b9767b1a1bd13eb8bf082b4c157c2,1
0x1acd55fe8f04cc2468ab7d2c6a9e6077c292757f,2
0x1b913a55cf74efa4de514cd043da0b7d84f0f9f0,26
0x1c78bacdf2fa216f94725a13098a13bf9f9722db,4
0x1d71d58ac700a0b9447440d78789a1dee16eb6b0,2
0x1daef601e5ce256bc533fb420e87e99993b9092b,7
0x1e3c0293a73a1b03616a87b48cef357f18b7cd66,20
0x1ec8f94b0ef0dc6a9ff923dfdf2523f4456cdffd,1
0x1ed34ffdfa9e42be13aaff30062fa103881f5f21,36
0x1f3813fe7ace2a33585f1438215c7f42832fb7b3,100
0x1fa7aaf1107b7206c9163413502c2a9eadc7af0f,1
0x2057cbf2332ab2697a52b8dbc85756535d577e32,6
0x207da57b1d389c8c36af8fac3493d9b770c0cbe6,13
0x215b5f40b6507d8398a23af4d92a1aeeb6457901,8
0x223acb1d97b9a490ef9ffaaed391d6ce75f05ccb,19
0x224d6bf0c80325d20bcf30ddc8225c320f23b414,8
0x22d134851ddee8d3dd64d71b092986b3cc7d26d8,2
0x2326a9dab5f94e9dbebdfb148e8c323259607a79,3
0x2367a476d477d5f82645e21a4603cbe8c1900bb4,5
0x23d1508818ea7b49683ac98f9ba58a5c0a233524,24
0x24814e2d11cdf985b70277550258a9cfbcf48f13,1
0x24e6cec6049d1f205a6df095ec7b6d021a8e6f76,19
0x255f2bb466dd6479fbeed84b5852c9ab46318d9e,20
0x256993d0dfd61184aa0a389b541ccf1cd186fe25,3
0x257b34f4bfbe2aed96610df91fa29713585a9830,2
0x25953c127efd1e15f4d2be82b753d49b12d626d7,2
0x26551631b8cbab36006904de04dfd10bf1163da3,28
0x269856ff6ce6ce4c0c179f4b042d34144ae82d4e,16
0x2746b9444de79568ec87fc7af45748bcad970b5e,2
0x2809c14c910f112a1288050afd45dbeaf96a89f6,2
0x28515c2e35d97db1d8ecd9205ed6304e38f50415,9
0x28562fbe6d078d2526a0a8d1489245ff74fca7eb,6
0x29b543692067e524133bf75b77c1172818c02c2f,7
0x2b1d879b5e102e60166202de79537b48e2f18a42,2
0x2c4c5f0b239160a40b71e7c92bb5bafc0316df4f,2
0x2c5f7ec0ace0c333e7d6c851bd8a6d3530826219,2
0x2caa999cdb7f67d1ebb2901e2fe2b74e540a9529,26
0x2cfaced1bc7b2b61692bdbea50bad19981dcc41e,13
0x2d29c09ef733f48fe10074a2dd7c38b50a9d4d89,25
0x2ef259761dc63c0f043e35901f132b1e7b1bca68,9
0x2f4d62ac8e9e5ea12c397f15ea41eb0ba86f63f4,6
0x2f968e57fd1daa04e1e707fea18b479c8771391f,14
0x2fb07bb03427f8273d2590a022af47038da767a3,2
0x2fcb2309309ef01bfd126e4b0f5ac84e46c63b76,1
0x303949a9f68c160ca3285bd5aa411594b78e9fa1,2
0x3053dabb9761b3af561150d62ffd18b1019940fc,11
0x307d792d792d6251dc7c1eddb738626956790d02,2
0x30f15de9dfa8acc9971d433aa3844d6e5daf0540,1
0x31e18739ad2d978344c1267377d194a3431e6d05,35
0x31f02e88bd6110723e767af9e7186e61fc9e88f8,2
0x3217b819ea2d25f1982bae5dd9c8fe4c6d546bfc,45
0x32254b28f793cc18b3575c86c61fe3d7421cbbef,9
0x32b63d9d6032160c8d4a9216e8d6c9b4aeeb65e7,1
0x331faccc525e1a984bfef82d419c556ecc24946f,6
0x332356e5508ea94faccbf85ff4a2007b3f540693,7
0x33a4c0070384725dbdf57edf3d179f6891124517,1
0x33c4c38e96337172d3de39df82060de26b638c4b,17
0x33f2a71b738481ba44022b374f532829e1bd0319,17
0x34a7df36e5a098dea126072661fe09958f72f8d5,1
0x35226e78809a5dae4562b0b1fc4cf96cdb6a01a8,13
0x368e4bc0ae0612fb5d67081307dc6b4de6b32379,1
0x370766ccd2d52ba56fd791e686b15162b789c62b,12
0x3767c879235dfe3b33f37a3c0c0226afcb6f118a,3
0x380507ac9fb6b071464822bc5e36abaf63a60636,4
0x394070a6d1cb8e1848321cf20b7b7a640d39a5fc,3
0x3983083d7fa05f66b175f282ffd83e0d861c777a,5
0x39f8b8334005db22fd31745d43125572867e000d,21
0x39fe310c68c914af8aa4e965895e47fdc45156b6,20
0x3b62afb0da3340690a2c88c5358d0221cd69264c,2
0x3ba21b6477f48273f41d241aa3722ffb9e07e247,1
0x3ba691ff2742a8dc39d564eb845b8a8ba71daf27,30
0x3bc700f0d6b56bcabf8299ed336c71dfe45d264e,11
0x3beb576ecb050390ee763971a159325c32c860d2,8
0x3c371dcf8c23f6e1ed3ec597272e8ad86795804a,11
0x3c4600143b354889b7320d783c1da1dc2eed353f,3
0x3c840360246fa952e3437f47dbd8001046471ea3,2
0x3d56d86a60b92132b37f226ea5a23f84c805ce29,6
0x3d5a107f7a5bcec8734c49ed54d41bc6f93eb97f,56
0x3dd48ad861f0b77d1312f9c95a13e52871ca95e0,11
0x3ddc7d25c7a1dc381443e491bbf1caa8928a05b0,4
0x3f1120a121292b392a082e72a8264af1f12ae533,5
0x3f6364f662b0127a3430bb9a9fc16b602da9a188,1
0x3fb19771947072629c8eee7995a2ef23b72d4c8a,1
0x41339d9825963515e5705df8d3b0ea98105ebb1c,5
0x4203b914a3b3803ff49a0cbe771c037505baf6c7,1
0x42e6dd8d517abb3e4f6611ca53a8d1243c183fb0,17
0x43c18040ee119b70410f96ff8d7491de1bf2c44d,1
0x442dec59ed911f4b944b1c405f6566b8daab44af,1
0x447f95026107aaed7472a0470931e689f51e0e42,1
0x44a67d41ff717887802789f06882a98291828e48,4
0x4554a1fc1d832f9a153c5868009a4246267b461c,9
0x4577cef6335404b8a4c4cc978c02e80a14e374c9,9
0x45fc84d8fb0154ca4b7157ab5830003df7c11c19,2
0x47287ea89d2c5e1e298d47cc472d46c56e89931a,12
0x474fbad9636fdee752a539660f2b25cc68dff467,1
0x487c6480c33f32435f99cfa4b1e09c0d4e4165f7,1
0x48a451c0689e40e4ef3e1e886788532b9808aad7,1
0x48acf41d10a063f9a6b718b9aad2e2ff5b319ca2,8
0x49f15caddc248933c7b50f3774a5cccd9c4f6cdb,7
0x4a0884079ac2b0a71c93ad0f81e766e2b94faacd,8
0x4a4444f55b000a42a36356bf83aedd49ac2e290b,2
0x4a7c6899cdcb379e284fbfd045462e751da4c7ce,18
0x4a85a81858b6abf37262bdb63516fac3be1a786a,5
0x4b17b32de85aa3636929ac2cc029b95173b2aee5,7
0x4b3122a38be1de174f60e24da84ae1c9ff8549d2,24
0x4b581deda2f2c0650c3dfc506c86a8c140d9f699,2
0x4bf471bf5e821db3d35b2ab365435c8cebe5e982,12
0x4ca8aeb6065f381d2ffc9741145eb47b528c1163,2
0x4cdae02406fe8acd9d92fa514b61340e93709ad3,2
0x4d63af7b7c21d04024abeccdaacd4479a701cbb1,1
0x4e7e83c37c84550d2f240d1e4a24091b1085a0a3,1
0x4f3a7481375c40a793b5feb5b80df7954c7257e5,10
0x4f690f7000791ab7248bd4c9fd165d9e386edfe6,11
0x4fb38531154d566953dd940e5f7556bce9638d7d,1
0x4fbefaf1bff0130945c61603b97d38dd6e21f5cf,3
0x4fd099e2fb16695a5dc38bf64f242acd0ec818a8,9
0x50b06a4037a167073a45ab3cc895c52378b08ba8,1
0x510a7cd4ba40f7b6643f566a5d45ea55f5cd8d0e,40
0x516fca170bfe24bfc54e01f215ef85fe9b5b798a,2
0x52b80433ea762e3d9b5e39e10659e19e3683cc3b,7
0x52d59fc20090cce200138ef2eae879dcd181f0d5,1
0x535d9c211651f69d2a9dd0d68491417e72994c73,25
0x537dfb5f599a3d15c50e2d9270e46b808a52559d,5
0x53a0b13f87257791f6ad5b586135bc2c68e82ceb,3
0x541aa1c1eef7ca719926865e0f89336f7ffc0e05,1
0x542f3867733717f2e2f06b38c0a509f4d2077b57,3
0x544d0876859b33f810a6962f7323e0a3cb43fa10,9
0x54c1530628a67c3ef537f01712b9bb517acdaec2,1
0x54d080572e3c2296247b0601a70017a99850f4e9,18
0x54e5e90a6679314e8339bb1ed74beab5ca19324a,1
0x556fedf2213a31c7ab9f8bc8db5b2254261a5b0b,2
0x55aacae8d697a2f84d80474e3410b2428e0103d1,11
0x55bc991b2edf3ddb4c520b222be4f378418ff0fa,114
0x560f70dcd0d25711ca3643d227c66fdccac9eb7c,27
0x5877022fe1a776e5275ed535b50d83a69634089c,18
0x58a764028350ab15899fdccafffd3940e602ceea,9
0x58c6cd2b53d41d06bfb7d33624d2835c011e61be,2
0x58e6c7ab55aa9012eacca16d1ed4c15795669e1c,11
0x592fd9158d42cc1f6e77db20c15ed7548e906d94,17
0x59f4b446183981caa70a3fad693ca91aca1a25c3,1
0x5ac09356eebffa7bf20d55f1196f3e68b554fcae,2
0x5b1f453d942367d362ecbb315b3ee0c8248a09a5,27
0x5b60117255df27fdd885629c0210d9dd975ff975,1
0x5b655eda7d101f98934392cc3610bcb25b633789,2
0x5b8f0dd7e680200a46b4833fc074d73beb76541b,7
0x5bd186faf1e2117ea0aab4a7ef5c068b3c1eb2b0,7
0x5c9e30def85334e587cf36eb07bdd6a72bf1452d,23
0x5cac404d11250cd241b719487f47e3d720873cfd,1
0x5d91793d4917859bb57a2732ce88c7ad530014d1,1
0x5da33b80eff4290e59a80c22bba88ea1be19eb5f,13
0x5dceca88c237d5ef2ddecdc019b73b97437ffca4,6
0x5dd7d755a6eec006e4cbf8c7a5ff1255289d97ed,1
0x5df9482d02c29286bab462f3e91a58fdef881b53,9
0x5eb3c3d206efff3248cddc386461adedadb32c84,12
0x5f65bc4e713071bb8aa3971d5270365018e966ad,1
0x5f74a2db08d717c94457c550af54548c4241ace9,11
0x5f7d5b4dee0d96d1a891a91ab44b1d126c9a7250,16
0x5fdcb78ca9a1164c13428e5fc9582c8c48dab69f,4
0x6094e1dd925cace56fa501daec02b01a49e55770,8
0x61c808d82a3ac53231750dadc13c777b59310bd9,28
0x6209258a9c319f29dac2ab90feb01c9280962aab,1
0x6210477b3025bf5ea50a35d39e7d2875dc11661c,1
0x624d8d3461871120a35a8c508b7a0be1b8e82cd0,21
0x63baa2ad54390f39d2fc18df98e8c5696b87a0f2,3
0x63ded17a92468166638128740f44ff4ece5409f6,1
0x6409c7cacf86c8d429ce03f4da72543e03498590,3
0x641da10800ec4b226654a52c4cba0ae7191146fb,1
0x653bc74dc32a00c69faa458f34281909d859fc02,16
0x65707ac2958a6c4cd42a0b530f1fa546586f223f,20
0x65bce0e8520c2944e0c8af9f48f3c65b5ead1631,7
0x6617d8cd22bf86c45d9da2ca0b888f01141241cb,12
0x66547c015567e280fc4b1a0d5c886324aa7f6ab2,12
0x666f11f1f481d5a6884174d46c1d121cefaa21fc,4
0x66db664e87bb7f776f9eae950f801412a5086133,17
0x6724f3fbb16f542401bfc42c464ce91b6c31001e,10
0x6778ded57dd3c31f057e90c7c75d420de96858ce,1
0x67c3b6106c51937012f414220a1455df28355ce5,2
0x68d08a754cfd9c2c3040458fc17b352bfb8b24cb,2
0x698048a913c9bf5df4de96542c3cda6bb8d60cf6,1
0x69980d3cb6de4bfa41e67961e5e3ebdec191028d,2
0x699a5d117fd97085d024d41e13a66edbafc380f9,1
0x69f42885079a4c17f186ad16cf3ba05a541f829f,1
0x6ae83eab68b7112bad5afd72d6b24546abff137d,5
0x6af235d2bbe050e6291615b71ca5829658810142,2
0x6bd36310cec97dcb2499fafe285b48a6f8d0fd13,7
0x6cdc4f710baba4607f09bd55829604e1149eecee,13
0x6d764ae282adf065fefd6f8986ea81c6016bce0f,17
0x6e0a1ddad894e6466d405bb73377f0a257278d74,22
0x6eb2c2eb6ab1225fb605ec660a8974c1cca82a4f,1
0x7010faf08803e33a903373ef1f69d0dc955f88b6,1
0x7077c866cdf58d4a65cc02dfe8e3ab03e9b23a0d,23
0x70a613ea53b71abcbd9b32eafb86362a31d5164c,35
0x715b4ecfb92d3e74903bcd26e7da719141cbc2dd,1
0x725ab04f05ebf46c5a0b0462076023c53b26747c,3
0x7526f39c34be653e1253a68fd756a7469c62b18e,3
0x7532a9e3e9475337c8a907428e35932a20959fdf,1
0x75e48a83bc67878271c95d7f23d57e31131e7bdb,7
0x75edccfa5f9d1f1571ddd0fdf02af03a28fcb522,1
0x75fab6d4013157f80e6c845bcd51ae309db9b935,1
0x7603a58a27ef77136398073d0e7453ef0f650633,5
0x76daff4c040bebf9c2e153fd14fe64ac04da8b80,34
0x77b660a58b29df94328503dc97fd175a026ae63b,28
0x78d1a0f002bcec82266627015eed2ca477ed753a,23
0x795a5a6ed365111a62b0d8db7125d8ff95ba0310,1
0x7a16ff8270133f063aab6c9977183d9e72835428,3
0x7b2754fcf4ed61ec204805c2a6d9d20afc71a893,4
0x7b845a5ac2bf1874cd7c86af94f7d38fad8a8ab5,2
0x7bd77405a7c28f50a1010e2185297a25165fd5c6,5
0x7c363e4650ca88e4676f1ce2ac6f2dd50c102198,1
0x7c6413fca3cfdab2da5089eeea94b0c9f4d4dff7,1
0x7d36fc0bd0057506e9937ca912b74c3a71a6091e,8
0x7dc3cc2cb9f0e24f6abb35a5191a228cdc1ff391,1
0x7e3fa86c999f1b11b1fbc8987f56f6c3a90a71a1,1
0x7eb71d68181f2d219eef78d834f6ba97d870ae85,8
0x7ee09c11d6dc9684d6d5a4c6d333e5b9e336bb6c,74
0x7f37cb4e1ff71193175b11c16faa7d97aa851876,2
0x7f9c5e2a5f92ad8870d07b3780f2e350c76b49c1,4
0x814fb844efdb4a7ae33f146fdb061bb51354a8b6,1
0x81a745df888c89893c1b2a359b835898d8a6f128,4
0x81cf158380209d514bb4bc196191b5cbe7d600f1,15
0x82a8439ba037f88bc73c4ccf55292e158a67f125,11
0x82f0b194d9e0c4852fe89377406440585f3dc410,3
0x82fabb86e4e197c825d1cd271e71876b00cb0073,27
0x8304539a5f2744fa1a004eedd36e1481d85b254f,13
0x849d52316331967b6ff1198e5e32a0eb168d039d,12
0x84d99dd4b1b20da8ab55d1534d63271fd1273536,1
0x852819d41469214cea21278c25fc599657edab86,2
0x8592d338229fcc4b1dde0cb4117cd615e4f60017,9
0x85d2976445cb15cb5fcaea37198d5aa778f48a99,9
0x85e78b145eec06225277679c10cf8215d99956ca,2
0x85fb5a4a124192cdfae14882b6585d2044c6ee6e,3
0x86b4ec24f35a21d76646350a47c06e042d05e3dd,23
0x8788a096adeb6382e2727485e2608e1a36139aa8,25
0x8845d7f2bbfe82249c3b95e378a6ed039dd953f5,36
0x8881788290604e0b5ca282bdc107210861f84c68,1
0x8a62a63b877877bd5b1209b9b67f3d2685284268,4
0x8af4f824965bd4827c3c0c57172af2c291080f0e,4
0x8b1674a617f103897fb82ec6b8eb749ba0b9765b,76
0x8b9eec740efb25a0f9010f85937f52487460ee68,1
0x8c2f44bc5d61834008e9fbcec5008331507804c4,3
0x8c55d4dcb4d6fc3861b0741e4d5ac47fcdd29750,1
0x8d07d225a769b7af3a923481e1fdf49180e6a265,3
0x8d12c3adc204582a3d8e18a26a7a31b04a783e06,2
0x8d4ad8f4333e66cd131d2ad68a4ed13d768547ab,6
0x8d689476eb446a1fb0065bffac32398ed7f89165,14
0x8e1877b90986d241fa6c866b82ef533ee4278c7b,3
0x8f4a1b6071cebf1d2cd85688f6705f2612eb2fe1,11
0x8f7f0e7dc9b903b0ff493ba79429469a56e57e19,6
0x8fb5c1aff8f3b1c8a9e4c19fccd5e38f688ce77f,1
0x8fc53d5a782489cb4c3e5340b47b8c2ba52f5769,3
0x90500329cf2e95bafa8b179ec63bfc5fe00d9268,21
0x9074485a2b1d4060b2ca3d808fd82e4629202ee3,6
0x90771546fa0f89c87c9d15dff80e620e2c2271cf,1
0x9113fd7db15a824eafdd7286c7ebe7c0f47c24b1,7
0x91715128a71c9c734cdc20e5edeeea02e72e428e,14
0x922f7dc277c869fd29bcd3fb89598af82f14ce33,8
0x93821fd0ca1e0f09864933d7b385ff6d2da7a8f0,20
0x939b366466331c14472431258f40f0b6da1cc0b4,6
0x93f143fdc9a0ebec7c51f9cda3ee398276cc2664,23
0x9406f40c6dc3df6ff77d42178cd1cd7814731e00,7
0x9587250e068f7991249f91676c15eba62f5fa57e,9
0x958f598b383518542f5fc6254264599cdf613fc9,8
0x96481cb0fcd7673254ebccc42dce9b92da10ea04,52
0x96e4e2ebbeff1f45bfb678695628fa7a0398de1c,7
0x980bde63397e9d53c19481bb764f007398716a52,1
0x985a34526af6934c52975a6f95cb2026827ee167,1
0x991e1f68a8aac1f653242f1e1e34a0bfc9960eaf,2
0x99ed99274a040f3f5d092a2b714d69ffc98baa08,22
0x9a8d7f87dd1c9bbccd7275b524a9c9376d3b7101,7
0x9b2dd41915d65e73873671bf5f2ab01e89c72bb0,3
0x9b5ea8c719e29a5bd0959faf79c9e5c8206d0499,7
0x9bb75183646e2a0dc855498bacd72b769ae6ced3,68
0x9c25a6b1bf3f6fd2f68a62169c043045c2460482,25
0x9c62ed0c130513c4270723e19c602e2a22951d15,1
0x9c9a11a94f95cd31c06e0252ed0ce908b90fbc0c,3
0x9cb40716d392d8ab5fab4f29ec60fe53090c65ad,2
0x9cbc8f7d756ec931d43f81deae70fea52d9e7519,2
0x9d9ce4fcde89f0b9ae1d92acb1af632f64d85812,12
0x9e0bba8e7e9194476f1b3d329ae7f988f580da3a,1
0x9fdf156ff611a2c2191f15162fe053499f7cd405,4
0xa05cb3b21c71c625a8be51466dd8249166072f11,31
0xa083afa219bb7d21c5a72cacaadb99cc1da6dd98,5
0xa0c3fdd39a47dac265a4b0603e6716f2dfbed7b5,5
0xa114b452fc65cb0ece11a251e974ac1a5d0baedd,1
0xa1486dae9f01e7da3bd8efbd12af0e1be1c73b60,1
0xa17d25c57a3361000e3a6cf12c680da71e0170b4,2
0xa1edb5b959cb4ac4c98854dd3f6681f500f94bc4,1
0xa34ff97e3a06c212556aea209ae0089370d615f2,5
0xa36ca69a30f4c5c4de45fc93840c8d0061cb9833,8
0xa3da8cd111532d99b6fa8b9f66f891e54d1946ba,6
0xa4181c75495f60106ae539b7c55c0d263f2fb737,14
0xa4dde78906b73133296d43f23ca4b41009059123,13
0xa4e408e61342dae8f7a494fbe98aa2fd484f56f6,5
0xa5a23ebdf4c80a0d1aefe83fb07a845816bd6cae,1
0xa79905f5cb42f5bf20c33aaaa361680e1546ddb0,2
0xa7a7eaa8d6530c9195e41920e0c188320fafdde1,7
0xa7b5e36dc50b77b4b7a6f90b0949d0ef263649f2,2
0xa824b4a89e92599c276a9ce3b75600121d6bbc57,1
0xa9095830a026a1714b0627ce550c37d2ecc79e02,6
0xa9bfc27b6ca1eea97d721b168ce5cbaa91371577,2
0xa9d89a5caf6480496acc8f4096fe254f24329ef0,1
0xab1ccddefcb731e7409a448e6a6abe1672a58d85,29
0xab4c505e70b9abed3527911b42d72611a604abb5,1
0xac2bdb872655572f616879eb32e5fb81f336974c,8
0xac5e3ced16a4ad10e8de12889bdebf48067862a6,4
0xac665a44d46194eb9826d6f93fb5cc93bc2654b4,11
0xaca74fd71750d6f51e7d95e1666663d91983b2ab,25
0xacfdacadbe45a3f99dbe836ec7f4cb82cc7d1345,11
0xae0a9782458b661b21b15e4f78c85aac873390c4,25
0xae5ab7ec31e6f647904c1c8fb9dd12d1f65cf2c6,2
0xaea283989e4960070913e3d87c5419c545ff56c7,1
0xafbefc8401c885a0bb6ea6af43f592a015433c65,1
0xb039758a2daeb059dd533285fa50417692bb3d8b,13
0xb04c0991f5007ae9bd6db8842ce1134572e4dc3a,21
0xb0fd5a878dbf3f9358a251caf9b6fc692a999ca7,3
0xb1da8736a1ab845df4e87040920663499f692727,1
0xb2e2c3c88bff942d7770568f667211d93e7bb16d,1
0xb34c9675ebe87125021a2be30f5e1456cf31ceec,1
0xb431be7f477560ab9b45b6afd108a46696494810,1
0xb4b18818e9262584921b371c891b62219daefea3,1
0xb4f70f2f0f1a27276571a12e60c64e321f40d47c,6
0xb5c3311e4ac463ffd62f5df90081ea2813b8ca44,4
0xb6647e02ae6dd74137cb80b1c24333852e4af890,21
0xb740ff2bdd86330ff51dd3bb7ef933566f364793,18
0xb842afd82d940ff5d8f6ef3399572592ebf182b0,119
0xb879c8c26594bae2e77ea15ec41061e6c62f4f8c,8
0xb8d83908aab38a159f3da47a59d84db8e1838712,2
0xb933aee47c438f22de0747d57fc239fe37878dd1,8
0xb93efd0e79b769d2b3df7aa64d89f983d2fd02fc,3
0xbc5b233b7a17acce70a11d09ff67765f486589d2,9
0xbcd19b664f7a450ee9dd5110c1511c1ff0fbfa3e,5
0xbce03405638247f5ca3ea767b2367b1af307ea81,1
0xbd550279e4a39a5739f223c499e0100c7fa5ce50,2
0xbe36a1cea1335fcfdf9fa006e6da72800817dc5a,6
0xbff486f6ab3d30e364f93e874a1179385882030f,2
0xc006544b93e86e8999623c1d12d2e352c61c8123,9
0xc010d4acf75e87fc1b3e6d83cbef08f9cdcddc86,21
0xc035818509540ce16559c31409887e78384c6f15,16
0xc19d8909114b9d5d8f9dbff13ab804c1cd6c8045,1
0xc24da173a250e9ca5c54870639ebe5f88be5102d,14
0xc2e08d547049d742a9647b055f954ed840a9d399,1
0xc30d0e8ea7fcb2e353288d006231c253f65ca4f9,17
0xc324c0726e46962e8195d24b4eae4d1f69684798,13
0xc34d3dcc1da85874cfe0d60df695933e22529a11,20
0xc46a822209607c6ee2e31e096198757f160eddbb,11
0xc5bde47d778669de0d779d94fc8abee9e0196e63,2
0xc63494be8c1f07c004088706614b6f0b599d3c18,1
0xc64d449baecd972493c9f7cc171cf41ac1023dbd,27
0xc6803bb97da1ad2014fbcd023218ddce6d74cad6,21
0xc76435658f686751d996093c8873bab78c4bb6fb,32
0xc8381ca290c198f5ab739a1841ce8aedb0b330d5,1
0xc876dc73b04bcc8c610d56078152a097d2ecb300,1
0xc882801dbbe218c2f210f4b4a0963156755b758e,6
0xc8a8de25a446c3a6e96bb327c916b125ed151d4a,1
0xc8e81626a9b83acebf4f94497e845def047a60e1,3
0xc8e97ddb990b85cc3cd5dfdc6294f15946a02795,1
0xc8faa14cb807e301f43e0015c0e782b252b42c4d,3
0xca9d28c064addf545c425d3e59b5bac287183e10,13
0xcb8efb0c065071e4110932858a84365a80c8fef0,1
0xcc20d89de39ac9deafaaba2b7402e7fb8bd446c3,1
0xcc44365d1fd4e3241f8dcdfe8133572ec031dc23,8
0xcc692077c65dd464caa7e7ae614328914f8469b3,4
0xcc771952fde840e30c6802734e5ad20479c2959f,2
0xcd214bf7521d02c0bd9c1518e81b02b0e97e9eb4,6
0xce9d884181331f7a412bb06133937aa49e45de32,20
0xcef3678bea72377df14261982add52b9bf74ccf3,1
0xcf0f1fe3dc5d04024425774ebad7ec14257d2324,3
0xcf407e4a4ff843859c41093a6d685f332fedfe15,1
0xcfd727653c3d5a1b943f675781d3245b884f1d34,2
0xcfddd008612d95e1e98d25924e1ccdee13dc959c,14
0xd072964f4bfd38eb8474eab87113e1e5e45e59b3,3
0xd0a66528f03825a19c544bcf5c5336f9ee7f8f3a,1
0xd13c395652f3e2a166a6bbd7937879a63b4308e3,16
0xd18a3fbce54b32f13b74bb063ba98bfa25857533,5
0xd1ab54b4c3a7c77a36878c95e2016aaa7b54116b,14
0xd1c7e00f41ce970f5a36686b172b9eafc3700aae,20
0xd1d0b11efc39957688aa684366e0b4837cd8e026,12
0xd1dbe5e94c9267087f991ca18352ab4cf905770b,2
0xd20ea96bcb190dbedf12854f264e15c78646f593,8
0xd35b7237261d34960fc3f10c1670375d59803e57,20
0xd476000c7f7765b4d88cf0762994b91358b9d932,3
0xd4f75efbe3a728dbe054c6f2989340399df8cd71,25
0xd587796f10a50719338d4d349efb7520b4cad22c,23
0xd655b972f2813c42da7dac475ad2ad5a6e14589d,20
0xd7f0ddcbb0117a53e9ff2cad814b8b810a314f59,45
0xd7f45cef0024000384db91793a7b7072c91ace28,1
0xd82f8ca39395fb3811d6596b49e9df42c6f57a03,4
0xd8c2e378c699b7e3e5f97cf4f0f46741296d8cbf,18
0xd929cc7db5e33a260f0b0df8da437387e4c45e47,2
0xd940072500f52a6a6f372de8eb84617af4a26681,16
0xd94e16e1f1fed4b65835d7db81c3f5c2ad2c778f,6
0xdb1aabe42f48f4b6b40cded8eeefaea3ebab2766,2
0xdc05b6769c7de5b63ee804461922fe0bc206120b,4
0xdc7b28976d6eb13082a5be7c66f9dcfe0115738f,11
0xdcd7d160815a1c256ddc73b3faa89391114d8249,22
0xdcfbfbd4a9da696a6defbd22542cbe5bba1c6092,2
0xdd9df31f1dbe1c1815d4df96b2fa5f9694cb3804,14
0xde91165f5ee7d37c2277b981b69f898e1028b98a,1
0xdfaa5ba963a4bcac53b8bfef494b38112fc281a8,3
0xdfb587012fb3d0f4db1fa885d4f054eab552e2d1,27
0xe094a22330b1eb7d69bb6342a63c59c07c1a5b4c,1
0xe1deaa1fd7d1aeda7ab9c65dab63dfddf528b354,2
0xe22211ba98213c866cc5dc8d7d9493b1e7efd25a,2
0xe289cf875ebc11868bf1f7b9535fd9adbdb6a383,11
0xe2e4f2a725e42d0f0ef6291f46c430f963482001,3
0xe3a3bbf86ebc2b6fa1307e2bdd6ab3b26c73bbb8,37
0xe3ccca9046be3aeaccaa8c206162ebd464fb6301,16
0xe483c98b7cc4305c7b0c312bc4704b46c4d2795c,20
0xe55ecbb4ac3861e748ea20bfbff2d445c9c00fba,1
0xe5747bd825f591a9c5037c4e5eabddc94caebcdf,3
0xe8483a4abed95547468e9fb92748031c29414173,3
0xe9472fdffaa6792df8ff5faab5866c90dc7f6f22,1
0xeab392d969783abd70583e2694bc00a0684c189f,8
0xebc38a4c7e2c804088efd568058ed13713e7c6a3,1
0xebc9b421e78242b98bd9fa26ac1abd5c365d7013,1
0xec28cebb2d879ae21d1fbc2ee72b563945affd80,18
0xece4e341ebcc2b57c40fcf74f47bc61dfdc87fe2,6
0xedd88ca63d7c0b9cf182afdee3852258f31961f9,1
0xee0e68ecc06920017fdf039de66635275aec3366,1
0xee33d522489e3c7746ce91d37b9f296a659ec50a,3
0xee44c6ff39ac347d59e6b840d8412f60a7c2fad1,30
0xeece5789ecf5f213d68e75d832e5ff9068c9f0d6,9
0xefe75bc70e9ed3be4717036d75888fe6f34fad3c,1
0xf09c800f4c5511fe00ee7f0e91305a707e95d8a1,9
0xf122eba5ea71dfa018ba2c55dad05d2aabc09d2e,1
0xf19df0e4c4babee6960713eb175dec48804a4865,3
0xf1cc678ee107b136da59500eab5ceebc33a6ac93,6
0xf1f3e3a0ce3ea43300a1b97695d702738b70cf57,1
0xf30026fe8a2c0d01b70b1949ceaf2e09efd8b4a5,1
0xf3b98123df006b6bd886fdb6c7cbf0583914e0a5,1
0xf3e9901d968a8271bd45cae679d7759896af042f,11
0xf44b460228c77b48ff463c9569edd2ca5d76b7f9,7
0xf484a6a2cce70dfdf58e2029b4ec9c45a16dfd2b,1
0xf4ced1ec7837ac008b41584c495da06108acc011,3
0xf53707cea9edafcc5eb7693c44ef3d577b916ac0,1
0xf53a5c005c46ff564a4eb57f65b55904a9102eec,22
0xf5900b4a6d58a269acfdeb3ea8b46b8095180d3f,9
0xf5ab5eb0d019c23c7a72b2fb0db9aac03fef3bc9,18
0xf5e3602d3fef0e1001d217c5dac4391134526e42,3
0xf5f61e4162fb88802903e28b33439872404a99a5,1
0xf673588e1b3280e87e98e7feeb85fdb27943853a,1
0xf68a5973c9cd2009bb397fed5fb51d07404e03dc,5
0xf6dc93c168482ae5a3058b88d71e903ab3dd4e03,4
0xf6f4b04cb453680f222c8f63c2c6554fae501b1f,2
0xf78b43d8ae18a32270e39cf8b78919962d993510,3
0xf7a9be40f3e70322da9dd909f278521284c2be1b,1
0xf804a79836c6a8d1a9c56f1b00b84f17d33b9d2e,4
0xf8d52b31ccacb45e05e20366f88696f28675eb34,17
0xf8fead458b6e9aea9fdc36a66240def4d1656bd6,26
0xf93ac19938ddef39731cb204549239170aafcfba,11
0xf94688070b7058172b69735c8cb01b95c9bf8126,6
0xfadafce89ea2221fa33005640acf2c923312f2b9,1
0xfaf9e6ef1d5183d3d25133c912bcd22362994444,9
0xfb03b1939d58bddb723785034d8e3fcc2e2cff95,1
0xfbaf05d8b0f334c0762fdc71515133ed615d0649,2
0xfbf232d54d002bd2f410a19c1fe4e14293db6907,9
0xfbfcfee2bf2529e9926e3b047a065cbcf3b907be,5
0xfcbb9d22209e641eb2b811b568be56fbfe2cab1b,9
0xfd4fdc168329aeaef788b23042091f77a8f6cbef,3
0xfd9b742d4f971f716ae84d713d0dd120d5318441,2
0xfde21b87aa9fea53396c21a302d4412313cfc13c,1
0xfe06ac9902fa42abcd508f1efb8a40c73403d430,28
0xfe45baf0f18c207152a807c1b05926583cfe2e4b,30
0xfe49e6da542ab0b03f0b4501f949962aafaaa457,9
0xfeef177e6168f9b7fd59e6c5b6c2d87ff398c6fd,1
