Address,Points
0x000b4369b71b6634f27f5de9cbaaabb0d21b8be5,15
0x006dab95f4fb483ceb62139ad827335b06956f9c,2
0x00ad863acd924fb8aa3900da013912cb84462e4e,5
0x00d4c10e21c939c2e56f129edbce3be31f703651,11
0x00f7fb4cd865c370e469906b29f93cfcb3177767,10
0x010dc5440ad49f9ec0dd325b622d9fd225944ee4,10
0x0178274ec3e22cb684a35d829f5e15f66441e71a,16
0x0180fb2c78c620e78b7de9a83ef3e04ce6608b36,10
0x018886b7f7ae03f33522074cd9bccc0b3a5109dc,12
0x0195faf29fe8a1becec6645396f9709ccf5a2ccb,15
0x024813b4972428003c725ea756348dcd79b826e6,5
0x026a6c9e770ee00bf35a508be3576058914ad95a,4
0x027906b8b47bb8737a8901d2f192d66f601a8efe,1
0x0293d6c6d103380e5880f6f66966c11ffc232541,5
0x02b34a8672941990696e177630e00fc04aa99d52,1
0x032a3e36ca04309b354fbe35a5ce271359efd2f0,4
0x03368081e1bb7108103caa03d8b67193333cc078,6
0x0345fa5dc69c9ca90a441215e2fa8a0b36469286,52
0x03e336513e074b8595e1d1c70f0800a772d3c006,5
0x0494f503912c101bfd76b88e4f5d8a33de284d1a,4
0x04b39e1e6348f50b526ce9255aa2b85442164319,10
0x04c3845777c5dc1a774ef71bc3dc213396a1a108,5
0x04c5697ab48a0dec80770d008c1657b7108a7e2b,4
0x04d68ca02dedb32458062dcf2c906588521fbc3e,1
0x04d720b4c8b6798d84df8f4c157887cbaedd8542,5
0x04e3cc7228b4461bfffbee69e31768796b2d13e8,1
0x04ecbcb5a43080c8a854bdce5d36b15355be505a,10
0x05284b4c80fb7869b8e672d54d9b450626c10a98,5
0x057048197ff499d1f3111b05a1c6e9db9b27eea9,1
0x0581b1269e756ba9772b2a822f95d784bbedb82c,4
0x06100675344a3e074f6fb63ee867d8790cd8747e,5
0x0624e2696007285af20d8c3e1fa7abc30b1670c2,14
0x063882309dff155ad967bcf08db42e0ee799b602,43
0x0651316bc5d9774d74709aa0da102087303c9279,1
0x068c62664dde208dd99a42f444f003135620e089,5
0x0695a4c2edc2889da8663c92bedb7c10a07ecc54,5
0x069d74bc5bbde2381585cc43e08ba500823fe57c,1
0x06a90756e57bc7a016eed0ab23fc36d11c42bba0,14
0x06c278df5f8d3be30d2971adb30b82ceae6e9034,6
0x06c2c4db3776d500636de63e4f109386dcba6ae2,10
0x06e9ef1dbfe2b06ef1026c37df3b6546a870459c,1
0x06f951500de07ffeed469b7d888ff16e838d6acd,6
0x074cc5943b13a895dcf613baca1a89ac9e863c82,6
0x0756379214d7a6ef325a4a6d6ce350db8c8afd95,10
0x07a7b31b6e67d9c8d02fe69d7ae58fc396e7c36a,10
0x07da09e4bc7778b67d119f3bc4ad909ebf74a928,4
0x080219595ecf1d967f23f2055e864b041b1cdee6,5
0x0808c1d3939783455c31b1b30181d0354b1e39d4,4
0x080b2fafc5f765fac047a616ad3661bf458e3b98,1
0x0813bf4d9be06f517079abccea79a356af12929d,10
0x081ea781a87b806b11f3ad6db68118d241ac3c80,1
0x0855cff644eafc07a44b49ffdc0575b33bcaa572,6
0x086d04193acd9874b2b80f998bb96a77ad19ced7,20
0x0879fd84b537d1bd82041ecd37a84ee338f6e3d4,10
0x08888b148a71f67fade06a0e5f75108df6690e9b,10
0x08b7ab9bbc3a07cf7f75b4acec5b536b7e040cfc,8
0x08dc7c00bcbbb2c063cb0bbe7c6d6c2a009484d2,3
0x08f946da8b6f5eba6ba6a74c111da05ea41731e5,1
0x0901f413ecb002b65e3dd857480216f136c9a291,6
0x090687799d0616b91a2f7da50623c4a1dc702600,14
0x094a9009fe93a85658e4b49604fd8177620f8cd8,1
0x094b503b0f663f392e0a0a2a647db2119d9004da,1
0x0977de4fbf977db858a1dc27d588f9f661263d86,7
0x097fed41fb8a5707bd1522050fbc57006f9f02b9,24
0x09825ac4fb2189bb789c155633b8a78407d64004,3
0x0982cebfca393ca12e38e4beda4ebd4dacda6142,8
0x09afcd6051c04fcfd134fd23e93bd298cf1798d7,5
0x09cf9857754672d1c92329ea0be2f139e9954161,3
0x0a03862201201ac4080a1b5b3415e51da7d22cd8,6
0x0a2245a13fdec3304749ad8fb2652304ccb0bded,1
0x0a312f3474ba3297043af0430888fdd46edd26c1,1
0x0a65c215ce8abc782a4b763fffa10a41652ac42c,5
0x0a9425b6c93b2447fcbd33e9c28b397bf49e8628,1
0x0ab153f699d8958cada9437a94cd53b834807c6a,1
0x0b093ad811ec69282a7c5b88c24c124de893355c,5
0x0b6726d84b553351e8b85b21a37f2b69a0801732,20
0x0b8e5bdbb5b8d83af32d3984ba9bfae635edf156,4
0x0ba5a0769f4137ae170a851233413411f22987d1,1
0x0bcf5e0b4d4956f85c3a7b6a718d23262f303ed1,1
0x0be64de0426d5754b779aa1ae9110ef9f694fbd6,1
0x0c2c4581fcb3f5e92e928cb01d8d07242dbea8c1,5
0x0c564c740a4212d0a7ff3f494e57487ea74ea9be,4
0x0c6239f1d94b7a37cc15d6e7182ab4a683bec3c0,7
0x0c8f3e3912f35a59ffddc9ff1abb8fafc89b29de,11
0x0c959ac451d0c08107039293b126a502ab445230,5
0x0cbe6434b754469ef89f7e3763fc2991979b8316,1
0x0d09b99fdfbe0e937e3daab4f50eed2d39cfff50,10
0x0d54195d55385824f7a2d2b9045285cf3b489e95,24
0x0d6301a8ad83b85b74b91952893a6f7e5f70159e,25
0x0d8a84bad729605fa50dcf18d1c3e97f4bac6180,7
0x0d8d4e0c1a3f3cd2bd78fa14e6abee714faf21c1,6
0x0db099fc6c931eee24edd69d50a149b33ef949ff,1
0x0db5c8e6b7e3db5469cfd21e88f0289376e15d0f,7
0x0dc2e4b0533320c3454f56e15564bea1dd358e5a,10
0x0dcf008877676d627cd796e7c6919f4036ac60c0,15
0x0df00f4f3fed501edcef1aca96f078afbff0a181,1
0x0e4e4824dbae2dc4104a019059c7c8778163ed94,5
0x0e4e625c59271cc39e687524c3896088257c01f3,10
0x0e83e4e2ae5d765d409b9bf698e3e5903c8ebfa4,1
0x0eb15d9af6806e76338531926dfb6199d09f5896,10
0x0eb2d762a33552806d21c1246625e586c43addc1,15
0x0edc0ba6093475c4e1a35c43c77cb706b1ee88be,5
0x0ee805a2cd9f831b8b6c436ec74e2246bf41252d,4
0x0f220f4a6bb60fbd3659d67c31787dc135d53ebd,1
0x0f638c2cc65d72c1aecd056d1fda2918126fbdfe,1
0x0f87b1797f4ab5c7811213702de1c966337564b9,5
0x0f9731ed2c2c2eb2ff39ff018ed2e01fc948844b,6
0x0fa4bd459a829151354589679b074d8c1738062f,15
0x0fac9b94b2e6e5ca32e524a1c8b02749b3957497,10
0x0fed93a9a479a98ff16e3f77e18ad595f61e81f0,1
0x100d2f5d95815601194cd508449961071d6c2a0e,5
0x103deeed9e3f43db140165ef53c61cd6fb1a8abe,5
0x1067a3bd847638b62e848ceb4e4c5f485dd1aad3,1
0x1094f3fad8dd27f7f99ba1ba8e3601bbcaebf81a,2
0x10f0506d77d92096b90101b560abdf01c12ec976,5
0x111111123a125c288b24f89be1223b0ab2f1ab8d,5
0x113724ed2635eb266b10a4042fad13b5a92b4c2b,1
0x11612e5e8479a47c3c1f0750236062be9ce0bf65,5
0x1177624405e2d93554445e132a1d6fb572bd5c26,14
0x11c4ad0a697df0565a652f72b81af1847f9f4895,5
0x11f600e4f6afdffa4e5c92d596433e789080cc54,1
0x1225588117f705b36175f440c4bdff61319f9847,6
0x12afc6451f21feddeb1f732d6baa02684c258d9c,20
0x12dbda36992a9f67f23121cad87c99529b3e6616,1
0x12f10eb7d5f9775a7e508406ce4ae566b2b04f7e,4
0x1353f76e1e0ae32312f07e4089e2ea7ce6c2f3b1,12
0x1359c843a8a2f70c4958588adc9b1020741bf78b,5
0x137dd253d5c257f105a9dcdba64e207ced982746,5
0x138275f26472e54c022b78178497090cec57e89a,11
0x13c2f1b2f9220e4ea1443bdd606640fcd1745d26,4
0x13daf15e66e6214a1645413f3d858d3947f5900a,15
0x13e9b3ea5159ca4dccef9dc2907974027d663703,10
0x143125937952fc37763cd41d44a6f436d2510952,60
0x144d38e1da927980a3eed1372b9b4e0d5b1385f2,1
0x1452a8c4745001cda8a5920b773cbd58b1d29b43,12
0x14672e795bf9d4f16391960e533c08d450b63ce9,3
0x14e8bffe701db8ae9146defc4d9afe61b5bf3d32,6
0x14ecccb5f1b99bb6d2eeb6fa7c3f7acb91a0316a,6
0x1514566e164e27edc0d47f18ed653620b4fc7f5f,7
0x15888938b2347b99df2c08f5f2f4dd6e0c747b70,3
0x162f8d603252b28109f2253a7649d5a631449983,1
0x167712993b60d89a9b1c4b3b1497a2c0e737a066,2
0x1689083a4ad6da28a28605dc200ca45e6181b70c,3
0x168df16960a1a1feb1dd8dd8bb47d200c14fe451,5
0x16958660243e9be694a0719002fb6cb5bb2709f0,4
0x16b03389be83f26c9f1a023dce0f9eda58a5708a,10
0x16e16370ec9f5df2327dc4ec29de25859378495d,2
0x16ed92288b03bc78317b698402606c011d3e7b6d,5
0x1718ab2dde1a5869ba252cba5e1b15531bb4cbc1,6
0x17366cae2b9c6c3055e9e3c78936a69006be5409,10
0x17369c615d003abb06a8c1d84b79ffea057cfd82,5
0x173c31d75c79d53a1b1ce7aaba50c24575114aae,1
0x17817b1a7ca41621f11be3f5df5deefff595fa2b,1
0x17a6f204b2ff43cc4954d8cfcbca62e440f91ac8,1
0x17a8300d71944f98ec9178125f6d34d2c1144859,4
0x17ae15bfba6c7e938a6da3932750b47d205e8245,1
0x17f4f11d9cfe0cd2d45094410b938862bc4ebe50,10
0x17fad4ab544d56d8551859252c8eee82706dd61b,5
0x1819eba4f13d2693756d38acf8d3e9aabbd8fdb5,5
0x18313412fdde30f42c385133907a9c22fdd7fbf8,21
0x187383fa8eafa16252e1770de72df6c9fbca7643,3
0x1888fa494f7b1214b29f726e316cf83508318b88,5
0x18c674f655594f15c490aeeac737895b7903e37f,1
0x18eccd7a9a4d111f5d9d3044bf77a20b064822ac,1
0x19b30a77abcce9d649f2d72a51d5918fbe98b7ff,3
0x19dc3061c2243a34c9e54deccbabecf784ce0682,10
0x1a114e66a5557bc1f858d2a5666f7117d075be3d,1
0x1a155ecee2582697c7e9313ebd577167f12ba5a1,5
0x1a54cd829f9aef8318ac4d04c5baa5aa8e302f2d,5
0x1a71e375cd2c9a63aaf88bca18c6447842b168e2,1
0x1abe2fa6908f74863bb857029e353ca3997feefa,4
0x1ac53eb09db2fdb5ea0aceef42a5c25e8399ade7,25
0x1ac5d648599b9767b1a1bd13eb8bf082b4c157c2,3
0x1af4be553ca2bdc2c912b95691c9ef3afa582109,1
0x1b1627b632f774b4b95cfe28ec03d8f9c5847f0b,10
0x1b3a78cf9b4264eedaa23c6292a0589d6d3a3b12,5
0x1bfca38a4c458f8db18560249bf54de0c89eec23,3
0x1c029cb5463e3962b1ea93f9320bd2822ef33a74,1
0x1c1a52437d67611cda4990c123cff88d4ff019aa,1
0x1c8c23d270e56177d55a2cb0b90775e89b936f3d,10
0x1ca4fd83fc075bed03300a7c889a6b0c38284ce3,6
0x1cd0b961d6b9c769b882acd4ddd92a557d56e15f,5
0x1d030d76f5a6505a64c032cf6b350c379d52ae60,5
0x1d1ad234615665c05a9a3a74cc369b3edff677c5,10
0x1d2ce05cd6335691597925cf6d1ee1883ba210a2,10
0x1dbf5d59f1c59f4e432d547096110a0e0c457562,5
0x1df65069283f3e3924139e4d26820df97ffd1fc0,5
0x1e5b3eff3130704ed6fa224d71c1e1df2de885c0,11
0x1ea60eaa2883173e2f8d6b7b025fce33ebc08738,6
0x1eae1d8d060ddd478c93e0ab4a848d482b8b414a,10
0x1eaf931aabbb02ca8a416040cf5b35c73fff2a8a,6
0x1ef6faf9f02ebf005876a3e55631a29d9c156795,5
0x1f70a6d6f92f61ead83c5a08d3dab3523ebdf82d,3
0x1f957812d36f8043d9cfe47ca0e3606e79f66ccf,1
0x1fabd3f671a5202bf83b30ec9ecc14cb8e8654e7,10
0x1fd215a5777228ada8034a4a22dec11590dfa4bd,5
0x200874a1fa654bf7e9794af9e97e53ed07b94dc3,1
0x20127d85fe03a615af605404826e930c7a46d738,10
0x202a78ad08d297cca315ea19661fd6e70771b449,1
0x20595d6f330ca93995d6376b2fdb28cbeba01217,28
0x206096571603cd49b61999f71ede6e6cb5540cb8,5
0x20674d7f21863b00bc5b0400d7fefbd40f048a2c,5
0x20df962d2ab9ade7a1535b4e2654e44205df2c1e,6
0x20e89c522b2c465cc2d342f1e73c80d610198d52,20
0x20f43ca7a0168476ea1c64d0cdbd02bb8cc5ca89,10
0x20f87edd6326496fa3a3784ec0e9a71573e32ffc,4
0x214368b48f3542d7bc03665ce5f8f357de9358c0,4
0x2160404dfb0fe854c48ffc1a9252436870c9ac94,10
0x2182e01627dc99e5acb0ea04206e9990c69cebb8,10
0x2190cd71fddc2c131434ff89b26ce09a9890d59e,10
0x21c058e35795494512962fbe03083126107034a4,1
0x2206c129e9828d5cfdd8721d5f4c23fb34249438,10
0x224d2b83ca91017286173366f3a7acd5342e7198,5
0x2264e05c4fcb89eeb0e35a19324d7f6ccf038db7,6
0x226528855e4d1e3778bb9c533c0a7e7199c5de5e,4
0x22785c33b310145c607306451dd9998be5ffb3c4,10
0x227878fbb6b7ebcb472f78989d7accaf6618c97b,1
0x22ba5cafb5e26e6fe51f330294209034013a5a4c,1
0x22d134851ddee8d3dd64d71b092986b3cc7d26d8,6
0x22d49e8f68af0e1a3e844fc1f2a6f4558a6f13df,3
0x22e6496d12b4f210560bf12ee736db47b378fec9,1
0x2300f68064bfaafa381cd36f2695cdfeaac09231,5
0x232c412d3613d5915fc1ebf6eb8d14f11b6a260d,5
0x234415043b1fff486e8315a14f4bcd4af1e7513c,6
0x23461e24f1d7601a674ab672adee0b4459302214,10
0x235eec62ac3a1318b94084f5860b2b95f41924c6,5
0x2392934a14d8080d81366bcb6527ed6056e08674,5
0x23b9396cdc23e780eb671bdac52ab4b60a9365f6,2
0x23c737d68ce4e0431988d2e60ea6f6e0e9346034,1
0x23fb807e4881f629fcec79cbe1ec95eeb1b8aa76,4
0x2404d0170536a843d7fd024c10a4059ee4293915,8
0x241a35380ddb4a4545766c2b8dfa33b322998a75,5
0x2433f2d9e481a6471593a2aba1978275bd9808e2,1
0x2462c818b7f8a075babc1d1188cb127c8121b2d3,38
0x24b8fece79455e96d208e221d7b0468e322c958f,1
0x24ce91e076a07306728b26ea20782e6bedb555cb,10
0x24cfeb53a951185ed993f276b50021025a25dae8,5
0x24e045efaaaa10f72fa6104792ba8b5c2a9209ff,6
0x24e13eda54b385947775d51b64869b76f515e7a6,4
0x24fe24b5abdc9917f33469ff2d9b1ff01803c87a,5
0x24fea70df0365cb59df687dc0ef724b3469ea9e1,4
0x25311b640d6f8a743b36e1d6f0ce87a5df237fbc,5
0x25916caa0db559bc7f21850cfe678dc9f273a8d7,17
0x25d542b48e547a06a8734f985c5f4256538a0cb9,1
0x261d7c721668fd4fe0415f6a5b437839b547417e,1
0x261f436676cfa456a8f086a850160e97550aea9c,21
0x265f4be9f8f2d40075a11c28a9501fd1b3614f28,1
0x267a6522bffc76d61a633d231d9ef84059bc3e27,3
0x269ebeee083ce6f70486a67dc8036a889bf322a9,12
0x26b0bb09478a8423b53b2854deffb8a61a889725,10
0x26da9bebb0372ce4dee24bc3d63c5192b22e767a,10
0x2702314be388847a34f0803144d82edc0dd99aff,4
0x2709117b21a952c1349630f69edeb87fc69ec036,5
0x271d85d2ceaa91e979629f4d30173f115b2767fe,5
0x274829c52bba894d62a4931b46b76cfe0606ac26,1
0x276e69cdd336001afef07075859a93078496c3c1,20
0x2775204be62e5a47de09a3ecd7e8eb40e27dc653,15
0x27a1b27b2e8bfdd57a3049415dcf6a63ac11667f,40
0x27ac67ac8f7a06603dfea2c775be0d571eea40b3,1
0x27c6d905c4ca44ff60115045c5c4ca3eaba01c6c,10
0x27f0b7fa41a6e4617b4284138278f81281214cc1,1
0x2809c14c910f112a1288050afd45dbeaf96a89f6,38
0x286f683d1e73b17be4cf30c1ccd7634c2a7cfc58,5
0x28bdd7b78ee05361abcda75e76178c3f03f8d948,5
0x2929b126f3176d3fa3ff30c4eb7de604192ec840,1
0x295b919169dcbd9801b8c4c44be7690c10252b82,4
0x296f0ec9e1d90787adea15ee7ce1485f2104a5b6,10
0x297e3e1b23cdf212d93885cdea78fad626b31cb7,4
0x298f8b77639ddaaa5a21cdea9d4062e78033f2e7,2
0x299776620339ea8d5a4aaa2597fcf75481ada0af,11
0x29dc1319b604edb25624af593e72a555eea6fa86,5
0x29f731573b3acbd22a7c6023d9e3cc8ec758de42,6
0x2a1c974a7d01176b11cb1ee8b2ccb65400e20e2e,5
0x2aa6b8975b43842c22308314498ea642f5a1f1f5,1
0x2ad2f1999a99f6af12d4634e2c88a0891c3013e8,3
0x2af1847f961bbb02f2d2cb725749128c348a3390,5
0x2b0c069f7e037912ad02f3616a1e70cc34c7ff34,10
0x2b43f331b7d9d2889de336d3c1d2444fd9d482ba,11
0x2b45225d6985cbc2e73244f450c6a52a33d9efdf,1
0x2b5303771e86b5c1476f35e36bf8a914212ee553,5
0x2b749d044e42cf7974a3d7dac16b39b5d88fe0ce,10
0x2bc809dd2cb3864079d2d28b0ef3d54145143616,5
0x2c468548a8888398e69b594d8253d7ba0d27ee67,1
0x2c4e1e7251470d5731dc7c6290befbacf91c1f80,30
0x2c81c786d655bf44dcf1bcdc90137484637c30a4,1
0x2ce2d83897edf1c9bfa56cfd9a94a0ddd84316a5,1
0x2cfaced1bc7b2b61692bdbea50bad19981dcc41e,2
0x2d0e7bd66b14fe202133c01e0dded0029a9d4054,5
0x2d1ac80ecd9cf463bf1f94ceeb0d2d9082fc57e5,1
0x2d1e7b6e6284409e16991de76d2a82847a7d61c5,10
0x2d39a2fb708d688ee27d8be149e29ea2dbf39905,10
0x2d4b8529c1bdf9948537e00fd0a63307c9de3cb1,38
0x2d56bbe947b3e37910c0ff1f89b4ff107a70aec4,10
0x2d674857986b5c052ca1cb07b1d2ebf304e2ac5c,11
0x2d9c146486646d5d48ed493ac659a48ce5c18785,25
0x2dca1455bd95fb6fffebc1b6236f9a7580f920ed,1
0x2dde4eefe48b040c2db25617f7da204c2fcac1d2,10
0x2e0ad203eea2eca9b0a504a2cab63824ba62bbd1,1
0x2e1e1405b23c930eca359611b430d00ca1651c15,5
0x2e5e1dcac1f61fedd4f66ec62488844171ab885d,3
0x2f0ea53f92252167d658963f334a91de0824e322,9
0x2f81236befdf1586e071aa84bea1ef257fe23d1e,28
0x2f9535361cd8752389e941d92ab7e6ba5c3a1b9a,1
0x2fb07bb03427f8273d2590a022af47038da767a3,1
0x2fb1448998dbde5dabd9c27ffc8d302442cdb497,10
0x305c5e5cb4b47f84f99d560393e44bb013327365,5
0x307d792d792d6251dc7c1eddb738626956790d02,1
0x314a362729afba38ad93223ae0c5cc8da01c1514,4
0x3180ee74d1737a8e28d0483fff63388f7d9452d9,1
0x318a6c1d757bd1938cefaa681c4cbc5380b34c47,5
0x31ca28b43f5d280ff09a72893c1677b295e4e4a5,10
0x31d0f76eef0630e48029d95f5317ae57fd667ee1,20
0x3254dd4c131edd9da829c5c151443bfe146609a4,10
0x3267f76269c265f3f4d2cf82624a13a2aa16f278,10
0x3273dc17fecb1e8e7e7276bf936364af9af88c2d,5
0x33107b56647014f37375b8291a86409f81a148db,10
0x33524aadbffadb6f9296c6c823eba62dacc6c6b0,1
0x342d8d95eb8e63457b2c8d9845f9b1c3f6413536,5
0x3466c2bdbfae63696dbeeeaab0916d06d3c1a5aa,3
0x347c07f4e898434e5f862ce5bd249cfc1a8598d5,5
0x347e6d5ccb9897aa04677f3d011a1b3be1f64a87,5
0x347e8e326102cc933df23da3bbcaf3af45038f59,4
0x34a151f62d4296b97fba12b7fab0fafebeef04b3,1
0x34e040ae65e8cbfde0b8e2f8bbda396f8f05e46c,5
0x34f845773d4364999f2fbc7aa26abdee902cbb46,15
0x35204448c82fa1f7b205ffb7d6a9e0685bd6a494,1
0x35273e8b14b54cbad3748dbf80ba199f8ec5f3b2,5
0x3557e823f0a0560fd52e22aa4da07e3e0028e166,5
0x3575b29a214974db700a4c0ef7058d0972fa5a4f,10
0x358e25cd4d7631eb874d25f4e1ae4a14b0abb56e,6
0x35a232ba98def744160a4854ab3655b0e40fa161,1
0x35b0e02d2a0d4af6738bd639f0b749259ba25f35,1
0x35e33b243a8912c2e51e1323ba93bcb5481e335e,1
0x36b7e0738fe11f05d26da55d10ee679e684e06f4,5
0x36c648351274bb4455ba6aaabf3f976824a93af4,5
0x36d2478f3efb64d1243e085af74b31efd8ebb7ba,10
0x372d5ab34d594a68a01ddc78b0464add52d3a242,20
0x376846df4cd52a0e1ba5d4e81dcdb3bd15c64046,1
0x380f200e11766fe86a24f4b9bd57d730813a746e,1
0x387da1a8450a87704ef088573ceb47de7cb6967c,1
0x3888c493ceaef88224841872a802fc71b439fb96,10
0x38ca759262992e947fbdbfd1a24218bf74b2a79c,5
0x38da9f622d0a17526049b96452ef81e779fb93ad,5
0x391891af67e29d97e61e30c3036a0874f5da411e,10
0x392fbd98f9cf6762a408ccc114ef8fcd09412d43,25
0x3a658aa38b34924deede08ce2c6c83810a5e2f17,8
0x3ab0b3cfbe2c4f9bd4d5168cf3a3597949d59917,4
0x3afb5ec38dc42d310e4552f19da56b13dc2ff8fc,6
0x3b27cc75f8c7647198b117b96da7c6d1f2e1f73c,5
0x3b52d688a0d2738562912fc225520a5d25533486,26
0x3b98517fc209671aea5d22a58e068f5a7eab03a8,11
0x3b9988e318874e5a2fbf32e3521951756d4f43af,20
0x3ba60244182e6b124a9f65069953fcc91d599b1c,4
0x3ba9c0fac7cee76689a31343e4b074c711a04a55,20
0x3badd6d42c75de56693e8b91890755eca52c4efb,2
0x3c3657acfddcec25f4fc804c6861e6e93e1f774f,2
0x3cbbaffec20e90719e8c0137f51412cf50ae8a85,5
0x3cc04875e98edf01065a4b27e00bcfeddb76cba8,20
0x3ce9fb845f4899ff8d02eebd5574264aab8f44c2,3
0x3d29fb7535ee500053ae97a9c386fb74a9cbb857,1
0x3d4b1e9fa533548b74118bb76d11b752ab5fe150,20
0x3d4f1d4da77a46607bfeba113eeda7d9a3ff4ba3,5
0x3d5a107f7a5bcec8734c49ed54d41bc6f93eb97f,5
0x3d9fefe6135a532565fe39e7dcc91d7407ff3615,1
0x3da45ec536031922a1b7fe5df89630e3e691e66e,10
0x3e047fca2319ef47cf0b1bb4ac8e4f5d6e1ba02c,15
0x3e1fb84db94e326887ab9c6bedaf5060924c39f8,10
0x3e4d2350c45eea6a9fad63e13ba4f81782966811,5
0x3e63036d5f182d44356a94ec5a20743882b24b86,18
0x3e76d36576c65c2e0d48c924b964984a9e2e4a67,1
0x3e8f6e55601bef766634e43b26c99c4c01f71863,6
0x3e9f44209e3217a81f7913a6cd910b9a379a7895,10
0x3ea44328b48a027a5e7ada15c193cbc388268786,10
0x3eee3dbb7910026074924ae278520f1a180ab3aa,4
0x3f136decac34ee8a21ff67102d70865fd13f12e2,1
0x3f699c8dc899cdbf683b6d584468c2b39b3cc74d,8
0x3f6e473d9457452952026c6a77ea79a469d8bdd3,1
0x3f8b39907de69bf3636189a0382958d9b2f413f3,22
0x3f9bafd605608c12220a351abfa288b1a5f5521b,5
0x3feeb75a0f79747d1da40543ecdb9d91d0ac474f,5
0x3ff8fed3b54dddb2f40f10a854f58d3b1bd44578,12
0x4021caab9a5621d0cca630ad4583375590300f4b,15
0x4072666559580b59ef51833f102dc893f6e39826,10
0x407cfe758c8260a8c925c6061ab7c82246af9b04,10
0x4125415d956e01230af9ff3198678ec815fc0e12,1
0x4131287b0042ba450d128bd0b93300fe6ace466c,1
0x417845cb4a5270abe3eafce85c48e40997d5fe6e,10
0x4207df52f7ff229364899b21e9c4ad36d3d42981,10
0x422251cf10357438770868fb30f5fa7f301cbf49,3
0x4301cd2a9bdeae8d833ae5cba481197ab4883b37,9
0x435585fd000b8694ec3257f0bf692a0c6567ae09,6
0x437ae20222c6143be51b876fe636601b060d1c51,4
0x4391522a1cb89b3d9829697bf2167a1f73b93ef7,5
0x439ee1b0903b17427c3d226761b8373876fec544,10
0x43ac14859670e1bc279abac0019f994846d40fef,5
0x43b2069935f839d2c3784a6f2a3150e535f9dbe7,10
0x43cb091428bb1369b63a7f0b075d04e6f4f61743,4
0x43ef317d589d4d4de159d79c0f02a423c13724dc,10
0x443758603e91b0b428f5aefeed21869a108f0ab4,6
0x4493b2b2ea8754119c476bd1e12edd2ccf549b77,1
0x44bc8bf42e6c1f8f5d285fbb65986122c484a3f1,7
0x44edb1b35ad9d679e977803a222aaa15eb32ad1d,5
0x45182a45edde87bf0f4c7b1d372842b780a1f7c1,10
0x4542723ba826c2bc1a672a716adf774ae98d39ff,1
0x45621f6df3d4b6636969439d6010b84595a84650,5
0x4571a15233f7ba793ca9b4628369a3ad9b975d31,8
0x457bd556637be92af2bf998ac27d10e786a98b29,1
0x45851743e34bfd3302a0c51725aa1f92304f9f9f,1
0x45c256f91412141299cd4ec4376b5b1d4f64782c,5
0x45c5e193a4efc6c9b75d6ce9b6379357c74dc982,5
0x462f0560e473e1545fd4d0680c02c499aaf01711,10
0x462f225afa2fc2d57e5613751e5a6b5fbd188c91,1
0x465bb47318f93c9166ff68eb9685429d2e6c13fd,5
0x468bb0335eab30f1f0da1be97a9413cf1c199267,5
0x46978252bf0e4e612cfa36d376854418bcb773bf,10
0x47045d1ee924ad6ff890ce8b52d6c1f08ad42235,30
0x470a20d2d07ed062c21c9f67bfc20750611610b5,3
0x4751917e24eed8286894de9f5302df8daf510acc,5
0x4762cf8896fc9edd11936f07f115a87a53ef7a73,5
0x47ab19ad14faf69e67bca1e79370d808a3b9525f,19
0x47bfe37a425139faaf036b665bf3361673b19744,12
0x47c633985e2a39b5bef016b98d708e4bde3ef746,20
0x47d1ae08cb02b6bef7b91dac65a41139598b910c,5
0x47ffa510e72734118e77027aaabd1672bedf9d4c,10
0x487c6480c33f32435f99cfa4b1e09c0d4e4165f7,1
0x48ab8492ff201c8eae9f89b17143ded620b3bd06,10
0x48b4a05f1f6cc77b984bf29bcd221177cb24f8ba,6
0x48c2319fc2faee12e771c6eafe44d3a544ac85fe,1
0x48eaa5adf147ded175352476b18551d8fddcd9a9,12
0x48f682d5ff41beeaf81061be2da65fa64128d049,1
0x494f31043f08cc31144c618e33be7f93faefc93c,5
0x49af3f3e893544851500cc9bd1ca643bb54c8438,2
0x49d1978dce1a788a0e33ac59c004e5fee4093e95,1
0x4a0573f70e77a28dd079c0e079174135ab6b41c5,5
0x4a05cddb65377d8f37f387ae3288552a13cb2eed,5
0x4a3dc2e4bdf839c75a7fa151aaea9fe8e0da2716,5
0x4a4444f55b000a42a36356bf83aedd49ac2e290b,1
0x4a47fdc635cca06680707f8038c5ebb07d91bd96,4
0x4a85555c4b1497e68cc2939d4d840663ce4f9400,5
0x4b207d9e5a4ea61303a96eceab5eb3ee41d3ba1f,4
0x4b36dae68ae191443fdcff240f070ab8d7a4e00a,31
0x4b433b03e6c366b91e233a19667992a46c1c0c05,4
0x4b6edfbc61fb7d0ce415248f5a8139b2b2e39b99,1
0x4be38c0d78da0f7d2df3571eff541e220d185b8c,10
0x4c710b38199f589dd769d36ed52b6d0170cb83ee,1
0x4c721c79339ffad7593d06432a1f922a8e0db5b4,5
0x4c897357c2bbc36a0fcc22128235d09856e5b920,1
0x4ca2a670bd5505b870b21331a53d9bb4ae6e2084,3
0x4cb75146e98562c9d79b31649c6c739e4dcb7cd5,10
0x4cced8f41b1e0f470b24bd8156ea219e9a3fe502,22
0x4d2e1bef23286eacc579a042f62ac70bdedcee87,6
0x4d6822ff2c24d9ca2ace6be9b83fdd52b0004d12,12
0x4da7b4f3e9f1c7f408ed61daf784d306f95e0d15,5
0x4dd05e12d0244575c77c31c24f0e273610c085d9,6
0x4dfc7cd45d94daf2f15507d90474aa4c6622aa90,1
0x4e8829f7cf4403a480c385602e3c88d91087ab03,3
0x4e9083cbbacf353e4cb69b7ba7118f37e39ca19d,1
0x4ead4410a770b4deb856d4a1733830b7fff15d73,1
0x4eb474af79b3d3668f71c89850709e548c1236ef,4
0x4ee2b1b799e7a49628ead56860fb7102f6d4e467,12
0x4f75b66cdc60d8550e176d112275e5338b413fc3,10
0x4faff24b7a9cfbefded71e7e38a4b21e854303b6,1
0x4fc9e8fec8f735cabbe1ff1243ad36154d78260e,1
0x507832c92ade971b9a2880427353c6ce6d0ffe53,1
0x50b06a4037a167073a45ab3cc895c52378b08ba8,11
0x50dea67305620f79f11ed4fc72be5bcaf7a9b575,4
0x5106db6a80cd3059857ba67aa56aed7fdf2ca2ad,2
0x51169a54b355b0ea403f909df911a9d83e4d01ca,15
0x5135134ae06a0f6c779fcc1f9e83f7308d3237c4,1
0x515d9ec9a70de3597c561831fe636fcb7c94040e,10
0x51779ff2ca6e49746061c3b45f2cbc2daa125b3c,4
0x51b22f5584ae9908e9eb3e318c6e0b4fa4921b6e,10
0x524b7c9b4ca33ba72445dfd2d6404c81d8d1f2e3,5
0x526d98b28f9e64957ffb0328543ed6c7a03c3c49,15
0x5299227765598896bd240220ce1810d7cf126bec,5
0x529cbce2129cc57ed58a35aa7d24ed57195d534f,1
0x52a55d276986f52ea8bee5f6b38fb9929f86be5c,4
0x52bd084ed2258bba6500da2a0a40a2812d0ac7a2,10
0x52ef63516b3a899b1de9ff2d8a01471fbbaf5fc7,10
0x5318b851d96637823aef87df2c59ab6de37f599d,18
0x53306a0cb1fa4036556d5e5a8e0602d477709b52,6
0x5387a9683fe55127e74dee202150caa9f4e58dc3,5
0x53c4e6f449e34cf347f1a0079e9da5dccb48de41,5
0x54167086dc9a0488c278ca4875cf780d14de9491,3
0x544b5b5ead916eb522d930674506c390d696b708,6
0x544df0ee95af0e3bf6d9107625ae60dbd77ae9d9,4
0x5451bc8b58cd6152c8e4495d4eb4d40a8b075d58,5
0x545f6b061cfb051525bd71dc61b53657e2551b2b,4
0x547bb40b50282a94055a71c416c23cf7f343e59c,3
0x548ca64e4b0aa42ea59adbdd84495a4a16c2a234,10
0x549ae7fc5b9bf45c609a33e47f52bb3066f3b0cc,1
0x54ed00d59efa8da0bf5dbc5ef685059e347c8bc7,1
0x54ffe9c4a68f07539b7cc47952cbaea4a580f060,5
0x5538212ff30e4cfb0665fa3c187140491d18ffeb,5
0x5550d9f1d786f5e0f32470d8f333181930e4b55c,4
0x5564abc968d641d158100df4770b147208461633,1
0x556fedf2213a31c7ab9f8bc8db5b2254261a5b0b,16
0x559f182414864d46dcf9e80626a820c1f945be90,5
0x55d6bd17c9ebb25e38d95ed4d8ec44bb72813230,10
0x561097f3d0f193f53e56899555218e3e88d1ee38,10
0x564c07585eb9b19b22c93fd00a471e97f75de36d,5
0x565407b406413d896319fc9da28e7a29bb6b5d2e,10
0x568d8060e8a0ab7602549de3d481a9623a3fbb08,11
0x56b7f221957d2e56b9ec24347daf5471c6660528,6
0x56c04c4ac69d0b302f99bd59da382b65a2d406d5,6
0x56eb69eff8b5ec825470d83ba0b098c538da11be,5
0x56edfd23ee4b18d2fed3d71441bc1cca0e706483,10
0x56f0d4abee3d9a6d1ac00f1f7eba6fe73c05b046,10
0x571d17fd2a4958e884c6a8b64e0a27879b03654a,5
0x5790b961c331b6107a849c3894c8e1bb78c994dc,4
0x5795c158fc6c810a38aa8e45436b3870b0efc80f,5
0x57d3ca64f4745b1936e34b3296238246895aecf3,16
0x57eef67476defeea7a38e3b6044f75abfc2a7ed9,10
0x58246f066674ef1a3a796ea14ea9bf34f6cd75c5,1
0x5883c43b358f06095994d26fd392b1267426b893,1
0x58865ccbfe30dd0d09458e36e7cdcbd6eb950bda,6
0x58887dc1aec4aed41415c2e78fc66cc60b83ddaa,6
0x58d10f4be7660368ba5e5f5362f926308ad1d1a6,6
0x58d8984447086ceba3cbe591fe71970be3402df2,6
0x58da8d4600c4f1ab184b1fd81e4e8955d321f2f9,6
0x5917530b94602b2958f3d7ca4f67b29aaf6fd185,10
0x5960190fa1ab9b4df5d432cb688203931bcaba2d,7
0x596cb816656e63251e08d427d5d61d77db934177,6
0x5985ef30184390e7f973720eb7b4f1d1458a501e,1
0x599aed04e8bceb618ee7bba2a748fc1f1aed2d57,3
0x59a3bf58dedf987d9e3b116e318207d770f40202,4
0x59d56536f4bd5617f9eed7285c730c904c3f92e7,1
0x5a25493e0bd59f88b725aa7d7451327ed7a48080,4
0x5a3645ab39db3f9ea0053e187518b4633c5861b5,1
0x5a4ac9df62415f073e984db58dfe21e14eb8903f,5
0x5a673293ec90e965bc57e5001a439bd7275eb05e,5
0x5a68ab5ae3d629183e203cacd2b0ff96e2a93dfe,5
0x5a887fb280d7d8845307c056d16866d18e7c3082,5
0x5aeeb064e6210a96d13fe88eedde1beb43f069f9,10
0x5b15538810a4b172264eee0d35d06b02b139a7f5,1
0x5b191f5a2b4a867c4ed71858daccc51fc59c69c0,10
0x5b4a0ae9a19306f1cf3d9aa227248750908be506,15
0x5b59f275679f3cb4b0b4272adb5c5727d7efb5e7,30
0x5b655eda7d101f98934392cc3610bcb25b633789,3
0x5ba9355f30ba4ca4a1ddd3ac738670524dcaaed4,6
0x5bacdc3cf6906f58128a2d6a2d22c1f0bd4d06f2,10
0x5c10c47b2d848e06a5dffa45b3bc10860797cdad,5
0x5c1435fa90dab35896bc79627364034e7acc1545,5
0x5c55e6b297f36eefc58365849ebe8061699e5448,10
0x5c743a7dc2edbfefee3b9eadecf2c37fabd638d9,7
0x5c767701bf5b04cd381aac3c07eada688d59614d,1
0x5c89000a11570ddeecd05589a7744e99b6883399,1
0x5c9edef909704b7473dc76876b915df97c0b3a33,1
0x5ccdb848b0f771c0ff531b5386471f53fcda73ea,6
0x5cd2b3f04b0f83610aaf0be63078503f40d45d6c,1
0x5ce4a2141a0c14e06e4485f4530fb3e6fc486b3f,10
0x5cf86a68496a08af13ff1c602bc5ce691601dcde,10
0x5d158ce0e5304833fa06516a5c1967d2724d1f73,10
0x5d1efdd2eabef44aca03a74f9870ea68e8c9166f,25
0x5d4445b95df263e29d0b8a4f1e521ccbe09d1f18,10
0x5d92c75d897e1e17a09f73376e1740ba9aba9b92,10
0x5da33b80eff4290e59a80c22bba88ea1be19eb5f,5
0x5dd860d037aadcf8bdb30e803dad77545027fdef,25
0x5e3a559c9e6507a0a6610e089c149b7e01b7b4a8,4
0x5e56783b0b6369f56205a741df351e4cdaadb7bc,1
0x5e5f81a3c93e1b09a73f56bef2603106fad366fd,5
0x5e7e301cc9729e97a28b06b304ab7a93c5a25f54,1
0x5e93a62d8a5520f0123ad01aca143aa85e8a79d2,10
0x5f00177afed6af20e7be7ae0dea08baff7681677,4
0x5f0e949cfee7ec594752ae80987ad90e50386fc1,1
0x5f11d23968dd31ed3358b2ed052a37f2716fba65,5
0x5f561eb8b4380886bd3bbdc87fb4c28c0353b71a,4
0x5f57c686bdbc03242c8fa723b80f0a6cdea79546,3
0x5f9c8ac1aececfbed056799641a6e3eeb4bce858,5
0x5fa509999efdcc4303490077aa111c920c4c2739,5
0x5fdab11e7d3ae700af9e8c50e976cd0a85b12438,3
0x600ea5bb618e122f368e606efa9f86b0ff76b54e,3
0x60835b893c60df1de4658d3426b01dc0d9385ff8,6
0x614cb7e7dec4b3f1190e46fa24de5516e8fe5be5,1
0x61651ca1c8dc97b979f9ba631a0dd763c83fa71a,6
0x61b7964f4b0ca3c5bc3338735573c64edc72048f,10
0x61e5a058a71be10338bf0b80622e3179443043d7,10
0x61f28db361ff938f9101b9144afc7bf5b64f6574,1
0x620bd63538bf10a87214b6187f5bc85926c2971f,4
0x6210477b3025bf5ea50a35d39e7d2875dc11661c,47
0x6212ee7822265ce44b56c943bfd4bccc03aec42a,1
0x62194c3d6c426f39ab3a01078cd4e1e833d92df0,4
0x626dd8ceb6be6121982d2eef2f772455d841047c,38
0x6294a032b018f4c1a0e1d6aaaba11dfcacb07506,6
0x62b9f3f2b1e6139481e67ba804b6acc69ea607a9,10
0x62d115841f433e7d266cec0b534261763ffc1073,5
0x62ffe9a8bda33f423403072ef5b77c834483e426,10
0x6332e01bb0df1fb09965f52bc3fddfe82e30f61b,9
0x634f22ceb7f99fb507e14e7ec3a658b09e85e998,5
0x6373a73b2d21be5e302b1acc3d0e757f09bc9b95,3
0x637827dc86e5ceb4da93678535e6a6ea81227c0b,6
0x64321bceb01f76c0df98523b9716d659ebfd2e84,5
0x648599ae6a8aff4a779129dfbea826385ffd4df9,1
0x6493490386f9f78205b284b99a2e6126c4167498,4
0x64c9ff99ad6abdc1e035a7a9b50eb020417d9e53,1
0x654e679d7b8a203a46ed259bbfd53c86666821ad,10
0x658731cde5c53b1f333b34f968e1e5fd072273ee,2
0x6592fd41117d8b03a6bf7e3b4f1b434235fb30ed,1
0x65a36696085df56f89ab0fbace8a83e4209466fd,1
0x65b212eeea3df24371bafca8118167db9fa9fbbc,10
0x65b65145199d7e30dc85dc6e45308f166682d3d4,3
0x65d9dc9a30d4da7755186cd4d2bbed4a3948a4a8,6
0x65ebf9fe16c709cabe98eac849e2e68ba8c9c923,10
0x66062a3fe5223c97109ff43421c54798c5d68082,1
0x66471666ad5474c14ed35f1d8545d11b27e16dd2,5
0x6652eb7fd864d2fc9319de06b7536f1194860816,3
0x6654c4ca46db6003bf819803dd88ed6af118dcf9,6
0x665a7a4e45ab4c1c2847a4b71d704bf39734fc78,1
0x66755d560e4447c7d2a50acbb119d4896b6eaad3,5
0x6687c671980e65ebd722b9146fc61e2471558dd6,3
0x66a4182316791893e064f2e159dc54b3262fc0d8,5
0x66b8decf00ecdd180daa7776525e43393109aed3,3
0x67195372f63600192c9b028329aa12615b24a752,10
0x674503177ca0710cd3afe1b55a57a4e8e12e0322,10
0x675696543c6422799ee2b2457885d879a3e348c8,3
0x67815283ce257c7da36d1498bad4059896f922c1,5
0x678fdb6d4ead7f228ab4f58f1628dd62d487d67f,1
0x6796eeeee9509124612f84d86db167459fcfeb0c,5
0x67c3b6106c51937012f414220a1455df28355ce5,1
0x67c5f93682e513027ef63c28f62e18bf911991db,1
0x682d274cad7b0ac71cffc5a668a75a369342cf90,6
0x682e35f8796a255a4436396ac31575221e881578,10
0x683ca400dd0dc32ff395d93ec12ead409fecbc84,4
0x6854fffa71a4ae49df700d087d377a297c595386,10
0x6856b6573e9230afe08e2c5e243b186733cf168f,5
0x6869e642f580ecc096b92118898367ab06529390,6
0x6897abe0fd62b589260784b21f4ca3f78a0d8017,29
0x68c81fdf2c21b333495408b83514f4006f6768c4,15
0x68cd534771f676677f714f26ee47a7dce0ef01c9,24
0x68da68662e2c259f40aa2d14f131349c94d3e114,1
0x69158bf868cd74778dd5c481a88e5afacdad84ea,3
0x6964fc77ce7e81397c9653a9b818bc1fdec43275,15
0x699a5d117fd97085d024d41e13a66edbafc380f9,4
0x69b6f4b04761458849c32afc343239d7930749ac,2
0x69cdb5e100e07dfb0968c306e62f185a6c196080,5
0x69deabac0d8a33986be9117026bf082fca12548f,10
0x6a0fe85396d4e74096ef36f7138c7783cd8fe8ee,1
0x6a41c71db9066aac0fb4bb84914012a014aa1d65,10
0x6a6c79d8da4d3b1c8963073529cd026b36817eb6,1
0x6a7371210086ee6b5ad6a9291aa8655b6d1d1141,15
0x6af8131d0c65d4d96f9b9d72916fc80f6a471672,8
0x6afa5fdc824be4ddca05430cfe484cfa6c92b4cc,1
0x6b32beeb5004778047b53b7b47dc0b345016efba,3
0x6b48e70ff9ff227fbc46d6faf41e1a59967f0f99,4
0x6b8012326a606e44924fed5c7268abf6bac3e146,10
0x6b8ac9badc1e635cfdf0e11b1b0930a5ac5353a0,1
0x6bd36310cec97dcb2499fafe285b48a6f8d0fd13,44
0x6c04e69ae018dec998912199c7fc7c1916f75839,8
0x6c15313ed774cd815ec15d25582f893f18328666,25
0x6c1d4db403cf4f60748762822ea19e0ad249d187,1
0x6c3a195d5f8bf513dc16fda390b901ba31ca1dc3,1
0x6c49d0790afbbaabb5cb8ab8a52d36bc9cdf67b7,10
0x6c7c332a090c8d2085857cf3220ea01c6d45a723,10
0x6c988ce663b7613368bd318a316cba676e211f83,5
0x6cbb8ba9e93a295f6fa0f8eca0000ea9db083059,10
0x6d073a1a2132d9886022d58ddeb4f20eafa0088c,4
0x6d08b74bd14b2d6deb468ba31d578a002d0adde8,7
0x6d2166f9f5c8d20b80f9841f9c36b17b8d59458a,26
0x6d465d2081b799770d0ce7e755d8db1665903ffb,23
0x6d7e2ce6c35fbb355c947b93636da0e031ad4a5e,1
0x6dbaf1e101ba890d11abdf0162ca6df80e7219b6,10
0x6dfcc8d28d8ceb6a655d3a3644fb6b4fdf90fed5,1
0x6e04e0ecddf91f2899548e8cefd47992105ca0c1,6
0x6e156a5e28902be5391924d635e4b0bd8af56530,10
0x6e4c3c5db438f396eb0f0bf27ce50607fb9aae0b,5
0x6e8fc95460b6b20879078eb605d50355cad73692,3
0x6f5ac60985d950a7851ad5e0a03391f9e3b58abb,7
0x6fd8e8858866effbe0cc710bfbce753901dfd50b,17
0x6fd9d8bf03df4f3f601109315969e6e78ed19abd,1
0x6fe86525e627466dfb2581511a428cf294b261c3,6
0x700a023f22c4a4fbfdeed3d00b951ef8ea932be1,10
0x7010e9af3bdfc58b16c616a6574085d9b4026480,10
0x704395f31fe0730a79e6d9bbf0a5502a07abffb9,8
0x70add3d8556deb37f5ab2d0cb4478da6cbc4140d,5
0x7126340437aff26c735ee491f42b3aa752b9d5cd,17
0x71763e49d03484d3f86ee399824ea2ad9b586a10,5
0x7199be710064279238fd8e4ed22b151f53bd00e1,6
0x71c758685825cd44e5d6e86427252510f75299fa,1
0x71d12577ae63751b4813e3046f4eb69c6d9a7237,5
0x71ddc3c1ab225b05c0f1ff7ab36cd77dc54ed02b,1
0x71e78c7197eee4ab2a5c940477383b89bfb7c5bd,4
0x7219a46b79eeb30db9620b986e78f94fb8b27e89,1
0x722d112148a94e7e3c50f3d23919322550699993,4
0x72311a4114e9589ecfa446b8255d6ab2c921cce0,5
0x7249deb31ed39e5910b9c62f257089856eb70250,1
0x7252612d90bd205354d4a39bb18e79df43853085,1
0x72656cdf1c5bc08f7d95919e1b31ca8a88de62c6,1
0x729250be25dc878dd400bf5bef702de77c83493e,26
0x7299f7c4fd737cc086ea1012c01e3edcf736c3a6,1
0x72c20a4cbfe4e8523ea464514a0f868a52b1a971,1
0x72e0a65ebcd61cf9cfd5603ea47ca389d512488e,1
0x72fcf70f78168f384b40b0eeae656536f5245a29,3
0x7369158bf8b659cde21aa3a7c6f8870766046e0a,5
0x736b95df29d9d10c8a13e41104505842720a65e0,4
0x73aadb36a61aaec384fb09ff1995ad9cdb677cf2,3
0x73def5c815dad5a68b072f91dd55c9271a9035ec,5
0x740d7bf6121cde6c7d47ee364e51803475354b59,6
0x744ccadb6c70554482ca07f75fb5d870955ec02d,1
0x74630370197b4c4795bfeef6645ee14f8cf8997d,4
0x74b34acec56bdff20c6b52ebbfbeb0d0670002f8,5
0x74c9d38ee85faeb44851560b7ac8dccc7d23885c,4
0x74ce57031016e134b27d22796cbf136d74451a93,6
0x74ec3fa65265d5e1a83b20f71ac7e22c86efde1a,2
0x7500ebfa67623a96d82f4f47f98b2c880934adda,5
0x75209d6ebaccf1c64c40068393fb59c87d91cd59,1
0x75983d2cd19fb095df5d6f34c15060ccd3d934f8,1
0x75bfc73e12c0fe68607e11ce958eb5c2895c555a,1
0x75def8100823c71500754e4d9a97e14698df65cb,5
0x75e2bfe1c7fe6f69cf61f0067454be844c772eda,15
0x75f847abf1f23d31772d035fc4e1c9623becf755,10
0x7600161514afba1001bbc8b139c9fcc7059f59b1,8
0x765a16ca391a6b9249cfa65bf2d14c38722198e3,1
0x765b32873f9d236f97a88dbdb65dec9906cd2ae8,1
0x7674d60760918ae89ca71f2ce1af2b2e740e2c8e,6
0x767a5ad2267b8cb21277a46e84814f70e571e44f,10
0x76c07087bb4eb86d2516081f79f400507ac2370f,1
0x76e573cf186a51193fa3d7a7ddf5ed0c64d736f1,6
0x7708b79e2bc3b7ab816e66af33a8c9385f0fca4b,20
0x7710e7e881333fd3396ca5966bed6e72746b612d,1
0x772213aad4c6b37d2cc0fa3b74f9ace5a028b8c8,10
0x773177931402e411d1d389641faa412ccda5f380,1
0x77451445f2d3df093f0262f7eb81d57cedc80241,26
0x787ee8e9653842b1e150cee0be03f275e114735a,15
0x787f3e6994f21da97b4ca8cacbd03c8230ebf34c,4
0x78b48eea4b19f0e88af29a9aaf8e27b6aa07b012,1
0x78b9ff33cfbe1b6b6914e38ada0593cc04d0fe39,20
0x78d1a0f002bcec82266627015eed2ca477ed753a,5
0x78d91ffb163c11cd12b0c6cee6bd0856c4fca569,1
0x78f78a00d7cf63ae13691eda2333f7a0d86d58c8,1
0x78fe936c552317cc63d2043c12407987f0f39b7a,35
0x791525f8013c76a10887a280d357295bc30d6c7b,20
0x79334b8f9091c6115035c552a88444def5c3d724,3
0x795a5a6ed365111a62b0d8db7125d8ff95ba0310,4
0x795bae768f348c046ab689f48aa2591b27af132b,10
0x79c572a0ac066221a56a024495101dabbae0ff0d,10
0x79ec585f8ad2099eacb5be6c255c2b0dc02ec9dc,3
0x7a2e729f198c7735b79b9dc35d3dd95f56b6b1f1,1
0x7a9cb2e9c68173a697766941fbd82923aa694168,12
0x7a9e60326bff7f55cf2b4415c84dab69f705dd3c,10
0x7aefe88797ea4d9b9b79f38c08cecfef0ea9f48d,1
0x7b0cee1939a4ada062ec79f4862a42c1f47b1806,12
0x7b4079ec07da14832bdb7ee646e5dc12da9b412a,10
0x7b4bde098e481f456d79ea21cb90c21d5003ddf0,10
0x7b59a94cb1ea99919eea4191f5634412394a60d3,1
0x7b8a48e1d35eb3a19d4e4c820cb0bab7377a9ec1,1
0x7ba1724530bbdfd0d3f19c227832aff63f255de9,10
0x7ba1b8bdda54a9d44cfac22673f9da67ff91668c,6
0x7bb11be268088b000ed4b1b94014d40371a3a7d3,11
0x7bfc63a067b730b4f4f20175980ebdacce691ea4,25
0x7c00c4b7c14262e6ee159aa58be9f4bc4da1d1f3,1
0x7c3993b4170169a38775dbc46c8835decab98e1e,3
0x7c774f0f8d499c7c346c0580a34e78e2f93c548f,4
0x7cb0573fe67801ebf4c36b86f09787c5efd44e6b,9
0x7cd57b61d2c2c05dc0fde21e6cf653c99b1c1d36,5
0x7d0f205f4a7f10b7b1c6282193aa202dc16fbbbe,10
0x7d3368e90a4e5ad8e46d5fe91f82319f1db639f4,5
0x7d4e9992f6c4f063c7598499fb7294616890f3ef,5
0x7d602d0a990fbd8029bdb422f04ca7b113881ca3,1
0x7d7c4fc73b87755575826c6b5568057799eb20ec,5
0x7dffcfc575fa48c501ed22aace259212fea17297,29
0x7e1d9be637404c26394b72477c70c23bc9c8cd2e,8
0x7e23c124785e83b16876b73cae631a777ab31fea,5
0x7e28423ab6942749cfccafb1dc56da4cd357c6bf,1
0x7e3d421605f8c554330a497ad8126ad41ed37d32,10
0x7e6c439ac8e8940242d517139eac1234539f584a,12
0x7eb71d68181f2d219eef78d834f6ba97d870ae85,4
0x7eda0857abc58e9a3711fec93622d836b0c0b1ea,10
0x7efd0c93cf75e5c1023d41089419d69d843fb313,3
0x7f09a73e2bcfae7fd1bea0d626ab1aabc5274109,1
0x7f431b4872c2433c774442bc142faf3a4765c6c8,3
0x7fc80fad32ec41fd5cfcc14eee9c31953b6b4a8b,11
0x7fdda3b316de3b47fcc2bc8a4b0da89ee27e0abb,6
0x802498d467d0744118ec5c4518994d9d84930579,10
0x80665a582bda2b2e12e165e2cfcde63c29756b7e,10
0x80b6dc7f88dac975f3767bf5dd1e9ac9b687c02b,5
0x80df6ecafbca0dceebbded5b6d001ddcb4450821,5
0x80efdbe1e0702ef2125d5cb5fe34d2e1cc90ad2e,10
0x81322dfad64731556833d399591778da8f61d20e,2
0x825f9a87debf633264fc0749f34de8b541d668e7,5
0x828958d0f01b619d4ac89dfa700582c9c8febbc8,10
0x829f3f58e7dda80715d517ce63d6b26e7f9cced8,5
0x82a115c4d6a4e237f41a30f0aae065b93ae1f8b3,5
0x82f0b194d9e0c4852fe89377406440585f3dc410,1
0x82f8f8393d19220404e3008b715a9cdbeaa74c96,5
0x8366725944fde1fecb61892dfb80ae27a1a85203,6
0x837f2e631bfc5ce95f11ec02d6ba95a491338ffb,6
0x8395ebf73ef8f8ca93678d4654df4b8e74c91857,8
0x83d0b9951ecfe76808971588f3d117f8dcd1c6d2,1
0x83d6df93392aa09c1f7291f2c853583a07cee68a,3
0x8409219a934facea04a026edb2cd17d6e37a0d2d,10
0x847d6fab2c6986368b00add91d79c75bf5815c4e,5
0x8486eb9b589df40a7eaf60b5c1db967c257e1787,5
0x84dbdaf4f0ef295c62bb9a391d5bcaf03295b6a9,6
0x85172ae486468688ba6eed505e55103ec5e25dda,1
0x854711f82e1df2dc0278f623e9c66a2dbef5389a,18
0x8569132826923fd0a56bd5cfbaf516f79ad443f4,15
0x85702ef8dbdd4aee223d95d5501789dd96392ac5,1
0x8591656bb9f1e1e66806a465572bdd1982c25761,5
0x863ee2f222d5fb78ddc82510cb9d38b02960d185,10
0x86648385cba19838bb2c75e526d3d5589e84fcf9,11
0x866d26bdbaba22f82765f16f65fcd23aef9e34d2,5
0x86af8e38416e741d6c6297407fddb22d4f7dbe41,10
0x86c16f44bc75851a9e2e16e28366add78169fea9,1
0x86d06a0d95ab7686968a2ec2ef376e0c50e17905,3
0x86db06268e7a68b99e979faca4590147c0d68037,11
0x86f7fe5ed673c19abb76d5492a356988703807f2,5
0x8717a864e8d69066ea50dc0b6ff4040edcaacf2a,1
0x872511d90488429e54c915fc077ce641550e87c3,5
0x875d6077486417c3cc33ac2b7ea0fa1dc8bb14c7,1
0x8788a096adeb6382e2727485e2608e1a36139aa8,5
0x87fb92463bd76c4deadc0dd70177b02c4b37b746,3
0x880ad659eadd210c7501b1468edaa2e3e6222ba1,1
0x8847ebaaf29a18396e49191602f8d8d141b98aa7,13
0x886fc889a4855fc0d20fcea84b4aad3e7bdf2789,10
0x88c925fe149321b2ea77d669f70fba4b6a2f4735,3
0x88f22d3e302f47975a03087ead7172534cf3c14d,1
0x88f8382864e57e2bef45c25a140d68281f7e2917,1
0x89234f7c562c1aba8bd8d095387f70d70a1f1e5f,10
0x895c5a67168ab29d5e8e96a55f933ad7c948c612,3
0x89b3c9b8951cda4a20701e8c08b1c4d335fb578a,1
0x89fcb15cadb447ce926613619026abc0381622e5,4
0x8a190ef88c28437924b22189ceca376b99021d44,1
0x8a1b73a88e1854dd3eebee4354bd4dba23861e3a,33
0x8a29d4e52a23c69ecc705bce3cca0d2b42faa23c,5
0x8a2acd0870edab25cb5e98e84094752d6a67d8c3,5
0x8aa643c81b7667b6c8d364490ef9216582df799c,3
0x8ac3cf58533a9bbf50e9f00377e89160c875d123,1
0x8b1bfb64fb924d5a25aef78b785efca7caa436b4,10
0x8b529ef78046008f9d1fbc91c7407030de96ee32,36
0x8b5429dc132e82a2153d372fa5e7c20ba5376064,1
0x8b5b54634d0f798a9a7f90d57b1e99ac54219149,15
0x8c58bf01aa3392d4dc7a8232f42e80937f45257f,10
0x8c694eeab14e9e8581c3d25b0d7f4c6913b73a95,10
0x8cc636a9de0fd4f558cc8efb61171f1bfe46ada3,38
0x8cfa9cb53f8c0e3e50b955a8d2dae8df4f3daadf,16
0x8d0689d9d6e61c7d2a8ff4e28f3e08fceb9ad139,10
0x8d0eefa504af1116b29bfb1bf65e76b830ee3982,10
0x8d106c747cd21272d4c9ff0af8d53a9c9aca25d2,1
0x8d584deaa81706766f487dae169c746f2c7f9d27,10
0x8d5a7e2a66140459a3a4f644014b60c61cff7246,4
0x8d920f6205c26dde3f5684bb09885c64c865b419,1
0x8e294ea62c8d943d9ff6ec25a340278b157f8cca,28
0x8e484b34356111a9f642eff09b2635311600ad65,4
0x8f1ab729e65aca5e3ad1ab34a8acf018b405c9d9,10
0x8f374dc0ba64b6d9c26e76e41869b72a3e1916df,5
0x8f4714060188f4b878739f72228f5d7451f18589,5
0x8f7bf54376c1b109fab89418b1fae6bc6cbd648f,1
0x900328c10dbf57df58f9aba8f3093d650e937d02,5
0x90422e1da3a90b0cd80bf9af5a59afb4e001d892,10
0x90470d99c9d5b04f27ca61c621bafefa0d3e62a1,4
0x90580b9b943b8109c7caed3e4bd23158ad4d0408,1
0x90771546fa0f89c87c9d15dff80e620e2c2271cf,4
0x9085798c6ea184f9233cdc7017aa645ff690d33c,10
0x9088e50ce6d622d17ba6c24f5a16d5d43dcbd27f,11
0x909b3c41ec6496c93f719a92f7806636751e3306,10
0x90cf90b8e176011478df2be36c14d3022177681d,1
0x913f440ed5ec7ccbbab7e72ae3803bdfea95606a,13
0x915b13028f00c6b0bef03a88ddf1bfd5bd601b19,10
0x9179cf75f37ceb03bc7ebd2ad0660933308a8cb4,1
0x919dada79c8204a49eee317c78591a07533331e4,5
0x919ee5b510ac1dfc81c121d6a83a536f8ea47235,5
0x91b6e960806835b10f3c93f75fab6139f7790cc5,5
0x91ec68005d3114771f158f87224825965230a974,37
0x91f74306818231d54619bcc77dbbbc4e784a5aa0,10
0x9205a39f9e0268c030b9ae55738c801f99554a01,1
0x9214ea53be919d9837a56422ef633017bee87f7d,1
0x9215290d80cf3ae9bda1e57bd4298f0c4427a420,5
0x92265efa8232e8184f476554d51bc03655e5d206,12
0x92434c10f32e6e8bf16cbf7f19cccc1caabf09d6,6
0x9291478dbfae3c7f44a5bfd5a3b7c1fd0b5cca97,6
0x92a1066453ca79ca5faea5ec650daf91be53d770,10
0x93066b031da5cae0740742faec2b097d14b9597c,10
0x934aa1913245b39d2bc3c50af7d839f3c3a9952b,10
0x93671908e6d1d93e48b17ad0f0b0124cc5a9da8a,1
0x937b9327225f1756f9bb807c0f2db37bda002f30,11
0x937bab5ac1bb6826cae62f3fc65b67f75e0a0a9e,10
0x93815805460abcd766abff0709db54c6a5eb88a2,6
0x938bf2b8a7e40472d846e50b8ffe763a0fc749d4,64
0x938ed0c13ab2df31c89ee187ca8726cb12ae01b0,10
0x9406f40c6dc3df6ff77d42178cd1cd7814731e00,1
0x944feda2d675061f5a23b7cb4ac41cc5111e10c3,4
0x94699b081a4e39e134dc8809b87901a12470ee1d,3
0x9475a4c1bf5fc80ae079303f14b523da19619c16,4
0x94d27d601775ff0db45122be89d5512a62699094,3
0x94d6196ea1547b27b5676ce67c10f8fb83fe3f5f,10
0x94ddd3dfc7f2b09980daf722c1563e250c11b988,38
0x955866ee0bd3b8b0be4d4ea306670f34b90ef3ed,5
0x9559f456ad097da5b03adc4119fbcccafbc1c778,5
0x95727d08c2ae167f92c1e7573a8006f2b0ed3f82,3
0x958f598b383518542f5fc6254264599cdf613fc9,4
0x95db242dfe84c32ad89d950a90b542648b816f86,10
0x96080418ceee2608a80aeebfd72d533b3e645df2,5
0x960beed56b89ca2ea264d3eddbe052b7744cac39,3
0x965f609467e8021f7a01ae5ef5eb76ce1d36a5b0,15
0x966faeead3d0c8cdcafd54eb1cff12f4779d7cb8,5
0x96a3ffd7ea4bdcbd706c55027d97eb5c53a0f28c,3
0x96e4e2ebbeff1f45bfb678695628fa7a0398de1c,56
0x9709767c24886dcfe9618774c870ad16b9b4e170,10
0x97255c3eff9933a22472acb1d025395c4f9b62f3,10
0x97a8682a007519057a5692b86be8f14aefbd3472,5
0x97c8b0cb523b86d68a986036dc9d75d9b535f50d,4
0x97d189a3f556a146c835dbd4af5fca3fc209fef9,1
0x98276ff9b17a2ea4a5b6b472c761b4af169405d6,5
0x98c4f069e5e43d85f0f5dd57a9edc935cb480573,4
0x99526cc46ee1e999d259bdee4645b41c283a1f4d,5
0x9969e219c71b56706f3bc74edef75657ef5c5235,10
0x996c0c5506395c0a2b766ac528d32d04fc6929d6,10
0x99d9e373f8c7477d2e7e361e1b93e108553b3ff1,1
0x99dd6519ae8b8fdc550fcf9914526ffb9b004e6a,15
0x99ea91e4603e7825ecda0c34c480c0e6b3e02ae6,1
0x99fc13a5b46491d84494165ffaa540ffe7ab78d1,10
0x9ac1e12a868c1cdd7016c57c794bebfa10d30a8e,5
0x9b18e9e9aa3dd35100b385b7035c0b1e44afca14,3
0x9b4064c9d9801f062f377512e61bd19484e7f365,6
0x9b5cc53f7a8437db63b2cecaaf393537e1447cb2,1
0x9b75e40870efe8f8d4c4e30a2078bd6c5265942f,5
0x9bb77d01a9b12e04e9db99ec2dd5f564be0265a1,6
0x9be7d88cfd6e4b519cd9720db6de6e6f2c1ca77e,1
0x9c09926927201527812364cf97aa9bb962a638b5,15
0x9c2b07dd951edae10fbf58bb98a1448cde417f58,3
0x9c3815dc94bdba26b01d0c3cb9c4b03d3c13515c,5
0x9c63d3f47dce0ed6e36fa4a516c72e635c541d19,10
0x9c6584b2b01a9069976cb21534f1d60483157f89,1
0x9c868c1a597d08c76406e012f6ebf44a42864d75,7
0x9ca4a13a50119649dd69eb58d1d53f86fa1204b2,1
0x9ca77683a86dc698fe7b3f708cff477e1c16f170,6
0x9ceebf2efbfafde0c721d5f207d8d76ca8db13bb,1
0x9d041b6113bb702b5b9aaf294ba94c89631b82c4,5
0x9d215a2d8f40c25f622db585666f48b08010e00f,1
0x9d412ef6bfc03c816c780bad7ce3654281ede184,10
0x9da073d804957fb65bb03b4576b10b04c681a61a,10
0x9dae7d161d3ddc66325a42c474453a447ac8e1b3,5
0x9dd4db385b28a458856f0c0c4b7224ab2ae23647,12
0x9df2262cba71cd9a9f84b00d24e8a6374a1cf6f0,21
0x9dff2f9da87084b5eb5d51f038e52105e84ffba4,6
0x9dff7476d17c43fc7b33d4ff7637a9b63dc228cb,10
0x9e782f887e7bb3a2551d26da4a8c537267e63420,4
0x9ef7b8dd1425b252d9468a53e6c9664da544d516,1
0x9f131cc86f954bfb1b88b348a10b709aaa9acb63,15
0x9f3bc53c727134798cabf69b9363beb601207972,5
0x9fb0a7af1ec2696750fffb7aea848e5686b27ff7,1
0x9fb90242ebb9b0def6d235101b1e37d5e0f50afb,6
0x9fd8df2aaf8edfe606338cbf5f329a31cc4f0fcc,5
0x9fe0c908f006b62288e633ce987a751cc3fe30df,1
0xa024b9bf07d9b3c0704aef00f2b1df54dc6fafd1,16
0xa04d719807c16e6161f27069b65ba6d2e0bc3d9a,5
0xa0750612090488b82167a53162883318771fbef8,10
0xa0810dcb52e9810629a189ac3e33ba6e2c19ccc3,6
0xa085e7b2935c573f45a72bb01cdb9a83af4fbea6,15
0xa0a591f9ec2b349302e3c580629fe0961185c606,6
0xa0e7379a6ce242f885be0a798136154e8946e197,10
0xa0fc8e215d23711731116e56166be2be414d1efa,1
0xa10bbb3652eb8e88c65d512c84ae0a5adf269570,4
0xa13e9683706b633f64286088658285b8514d9b2f,5
0xa142ac8323fd81b45d52b1d2e474036300c99d2c,10
0xa149cc21ce11803c8e3d405c71cd9bb2dc018593,5
0xa169ae1cdec30d58d07e9d25ebd350ad853b2df5,1
0xa1edb5b959cb4ac4c98854dd3f6681f500f94bc4,5
0xa1fd134591a673052a79827b85e878f626c3061d,10
0xa289001bd43ece47fb7f78ac0301296d32d6bb49,6
0xa2b856906dbc32d19547cd9ed5a266cd08808283,10
0xa2f87aec4a8a4721c9bad258239a409cd9ffd59c,4
0xa33d101debea0a999f3e1a5c68d5e52464d28784,10
0xa34551ceb662aeee115d40482a0fd2d97e6f2050,15
0xa34600e6402868a98b3ca259593d33100d9f74dc,5
0xa34ff97e3a06c212556aea209ae0089370d615f2,11
0xa3989c39c7dad1da34b358627bb07ad6b9be10cf,1
0xa3edb1d56de70c470882e590c7d14cbdab4bb174,5
0xa430ceffa2597d9a7f44636bb1351535ee53b657,5
0xa450cc0a298d99c2794b2f26b9f8e4302a8fe5e1,4
0xa467bcec38bfdc56075f26da158177e4dde0fbf0,6
0xa49224407bfbcfced35d70657f44041b8e162ef9,25
0xa49c61fa9c47da72d0b486faa8bfa8747631bac9,6
0xa4cd26a567908aac033b3d8a61e8f0fde844d384,19
0xa4dde78906b73133296d43f23ca4b41009059123,7
0xa4eab50ecc5b914e522f5ea913b302aac6b8c3e8,10
0xa4eb1e1d1e3283d0c8a9c7c7da8a894ba3e3874f,5
0xa50791b264ebafd0611da627908cdee9c0133777,5
0xa512731e615bb6ad7e92f54631e9b57235631b1b,26
0xa53a6fe2d8ad977ad926c485343ba39f32d3a3f6,3
0xa5473f03b9a3e624f0674045b4b90f30f43e23d5,1
0xa588ad8341616752b2a000d59d377d7f671f6739,1
0xa589aa96714695ef161d49cf4d0851259dc86e97,5
0xa58ff2d480d65506a3ff3308d8dfbdfc40ca338b,13
0xa5d856a71668a3314a144c03268f1801cdbe3eec,5
0xa5dcd275630494d4d174d1df53659e1591f2726c,1
0xa5e731a37fcfd72114b5c3ce0af9545a5a67f7c7,9
0xa612b47ba0d87f8cd6dca3fac5a78ef6a2a4ee4c,5
0xa6346e9426ea2a093af0bf5b119651dabd536946,1
0xa674d416d95d1b75f658b08eac28224d5c9eb9fe,5
0xa6a862d7d184bb838be13861d92c57cb6eadd6a5,3
0xa6bfde9160ce78c1754bb643882b1bf7779b6a2a,5
0xa7339edcd5a6e4b814f36dd55a7ba4c1c052ad5a,1
0xa75327beb595c49878527fa540de3be6d4cce0bc,5
0xa75bdc8652b058deac5429c469aa098ba8b2e34c,10
0xa7e06faf02f282b3ff39c5bfc9a0e8b5aa3d804e,3
0xa7f918b7e9ad21dfeb9254a63627e992c109afac,7
0xa8135b13e1aafb7095689e6e6b539b548c0e167b,1
0xa8222a8c275457cf21962088af2534abaedcf748,5
0xa8b18d1655545d4fef69f049d28fa6ee9d0ca435,4
0xa8e7b0c676ec5069b3616e2ac571f2d68b3a5b98,20
0xa8e8c3a1d7354442fba702b84abcf834213e18d4,3
0xa8fe266851c48facf8ec12c447ca0a30ab7a51bb,11
0xa90962a89a0c024d015338ad7173f4f30f356f77,6
0xa92a16e2e63391e7acec88459721db1e6620cda7,5
0xa980643a35583f7fcbe08950bf99f57ebb60967d,1
0xa9d20b435a85faaa002f32d66f7d21564130e9cf,5
0xa9fdb68d4590748d2c501b5beb7973b2591709f5,5
0xaa0cd6b16af9f4616fa43ecdf8ec73a5a6d0f3e2,1
0xaa3dcae90268e07be651cfd4a2df3fda078571fc,4
0xaa4c3e1991e3663ff90ca978a3f5034b1adebfd1,5
0xaa83d6c8a07492a28af2dfdb57fe69306362f02e,6
0xaaab101ccd7705ac7a0580d54e96d1571e81ece3,5
0xaada5d4343d6560352df894512eb0adafc85fef7,10
0xab3c99b7b1709b98e7e24b0402b7bc7b58596c5e,5
0xab9ab357cb06f644a623fb8cd7a62033e51987d0,3
0xabb8fc1e63afa6e24af0b53b2940a67ef4900d9e,1
0xabece0480a73bda0f61c7e3fc4062c3efd5b4017,5
0xabff1e9cfa87ee14fee544c64957392852d9113d,11
0xac014216bfd16ccf168ee1c744b7af1a50612a02,10
0xac1f6835b47045a98e049ac2d7066296158f914b,20
0xac236ea8ed1c73a83b5a10d17988028fec528f59,6
0xac2bdb872655572f616879eb32e5fb81f336974c,15
0xac2e41127a2838eb8d0c35cbb35c3c2a8a8c135d,10
0xac45c92b6297e1a4b474d63bf42c38bb508e1ca3,5
0xac47658f0059008fcfded31f4bf010fbedf269c9,1
0xac50ce326de14ddf9b7e9611cd2f33a1af8ac039,3
0xac79b92c52c69937eee3cf4e3d64ae0b14460b2e,2
0xac7bfc772dca04bc26c8ac7419a393a9dc3a53a3,4
0xacf4c2950107ef9b1c37faa1f9a866c8f0da88b9,1
0xad58fa674b7e06f29ec87f17723b07a483d098c4,5
0xad79579eecef31f4719426232d7b527b17b84f85,11
0xad999c40f6d246de710573c097aaaa4bc41a45d4,10
0xadd539ff80f5ba1eef4245a70e9e35f8cd4fd773,4
0xade52dd05aacdd21c922d2853a5a2a0fd55a9cff,5
0xadf02b5f56dd761283f2410370e6470a93c0a974,1
0xae04350b06e89a1717a403184dc89ff58245b976,5
0xae185137c602d11fa2aee334784d5913656d9195,5
0xae256cd2d13353e549d09aea8d4105c8d1cc09d8,10
0xae444cb621a9763d2ca969f11779619eb79f68da,1
0xae5a48e555f5dc7300896b7a12ac64813bccad8c,1
0xae5cb1297fbaf1aa6eebbc26a31d493d75ceaef3,1
0xae5e74b447820bba3c6069356c31d84b6973e12e,4
0xae831d52da85cd26b0b4bda63404ed186b4e1f5d,1
0xaea283989e4960070913e3d87c5419c545ff56c7,12
0xaeb1da2ed96c38f511530cc3ac0a9fbec16a7b02,5
0xaec109dcd8521d4e12a7ec04532cbf9ecaffcc52,1
0xaec53f0a61e7d8b58788a96799c34408bdb4c22d,9
0xaece1a25d8f498148e4cdda5aa51a6e1d44f23bf,5
0xaed61e33bc7f845f25e258fea8d119040852478a,4
0xaf0bdcd4c9d51c4f2f7036dc2d9a26f275de18f3,6
0xaf0f557a9a7e84bdd02adbc14962df2789d95d4e,1
0xaf8737587304016ca1018281cc5b5917d2121594,5
0xaf9a60d61c3e43aefd4e517b8e65af62c408441c,1
0xafbb9b998adcd9285d9cf0fe8388570acd20b221,5
0xafd680fb78648298d13422da8eb29199e72368ec,5
0xafe396335f475bed43ed0ad836453cb39578b842,10
0xb02c5832b14461c060bf8c5de481789c9bed142c,3
0xb02e13f06df55043b1525a31d2ace3d04fa9e1bb,10
0xb03a9029f77b729e2e48727d8e5a2ffc6947d2d6,5
0xb0b82f174b45510092c51ff03f5d41ce58e04baf,5
0xb0d46b102d2f69e10728cd2d7ff518da179e2f6f,10
0xb1117682208d482d240b1c0729e708cc5323cd40,1
0xb1647b50c253dc3600025ff5b9155acf4884813f,1
0xb1927224f07b070ae2e52fc03c8dab39f345ea89,20
0xb221f436ec7127cfe0abf58904017045081907c2,20
0xb22981ba3fe1de2325935c91a3b717168fb86714,12
0xb23bbd9aa7f2dc7e8f2bf93cc4e6ac728b1dcf17,10
0xb23e74c66ea8df363f34cd70b5b3928eaad3d051,5
0xb273f2efdab32bdf5639b58a7993a096f054a7d1,4
0xb2f390af1b11083154a0a15bfd3e555f57d82737,6
0xb33c9098c5ea132e7ee6d375efcdd0a42ef71ee0,7
0xb38d6bf02768aade7d74deb3c198fe726c87f21b,1
0xb40db6e62875d5dcbe1e832e638c5513c1d8878d,6
0xb42a04c3d36d911681c692578c2dc9507355d5d4,5
0xb4338cb8592193d92814c54d8380677fc70005d1,1
0xb459c5b300e72f1889d5237981fe1217a8f137bb,1
0xb4e04a058a379a3e75ab550d9363d09546a46648,5
0xb5221e9567be22250b8d7d3e1c7ae02d64bb3ad2,4
0xb5871b31020a2d9846e468a00d7e4afe604055e2,6
0xb58d57e21fb0ae16a4bdc279ce1267b272deffe1,1
0xb5cce7bc0ceaf22e05b254c619ce8c1a7aff8fc8,5
0xb5d757c759c29af1ee773f440119d9c4baebf2a5,6
0xb5e2b8f44e9f1ae0b23de64cd4579f1ce9fffa7c,5
0xb60faafebe119db715c6b23cc3960b758e64caaf,30
0xb645ea519d3bb18a03eb0e059e5f6a70a793b4fc,4
0xb6e9874752ad5370b42aa4be6593a1c86d15a82e,3
0xb6f5414bab8d5ad8f33e37591c02f7284e974fcb,3
0xb729717daf009663aab623947d8e6fd0c03601fb,11
0xb734c71d206da075f5f513e3ec2fefe056b811ec,5
0xb7c215473e46a61cf6928e02069d1817db9b1712,9
0xb7e9d6425c3d5bc1ee68baedf398b42069a55e4f,10
0xb7ecc2e830fac31cb7ded8abb4556955287dd6ae,5
0xb7f0f0c0179e247b8ffc88dee314b2cd5682a425,5
0xb85b4fc46dba089b4b348d1db380ed0d125a6b8b,5
0xb870a2820b581edf632113d1f93316a3841a318c,10
0xb881189e9494a5b49f7fe383f01061e27ad28f3d,5
0xb894924cbc87d01e65b77af62260b013a78938ac,10
0xb8c6400e52288d3f29a3a1bb14b13f7124d0aa98,7
0xb9f9c1ce0a1f45360949472057ed022ab7d86dff,5
0xba1cf8a6709a907aa8708b4d05701c1991a7f259,10
0xba377c88f0084028349fd199d9e4929f6efee305,1
0xba4c6b8442b2a6b0e30060e6c14470115f5027ac,5
0xba67cecca2e2113216907397a69ab6d03b60f4f0,10
0xba777a22b482e51d65fadaf9a8a4473d588cf43b,5
0xba99f374c20a3475de737b466ee68ad9c38c26af,8
0xbab2f2a10f8e9416303842e10d131f7f865de801,1
0xbad033cdbd98787e5b4b5372ce9d8a64259574b8,1
0xbae582839fc50bbe934169e1bd3fb952b5d86811,6
0xbb6fb9d37942090b1daaac90c19c3871080b4f8b,1
0xbb9f3a92d58dc01ce992abe151313de80463a987,17
0xbbbbb5bcf101c8ffe6de8593cd497805f9a8e4b8,11
0xbbe26fa2295141d5093a21d4a88d69f2190c6ecd,3
0xbc0e7c2eee1ff1c61449fad2d11923a1c0097f2b,15
0xbc177ccf330b081d7807682947d446e00e8d3a44,5
0xbc44ccb8f69032372cb0661480aca53351e468cd,10
0xbc4c722f9f4c116b06b0ff42af7e284b5d2d6390,1
0xbc5090cde901bf1cfc317015598b3b3ee59a536b,5
0xbc5d8be2cf4d8ebbf3146dc06ecb94a0edd0773e,10
0xbcaaccccd380940459d23dbe08e3f49c0a925460,10
0xbccde5095ca8d6abe5c8bc123de0a2140bcd14fc,4
0xbcff060f601684a0dbf5b0ea48d8dcc112f4ff2f,10
0xbd680338b781ccbdaafdf25e902f54b4a4974600,1
0xbe398b88bd18cf82c2a8c182c2aca59d63cb9d7f,5
0xbe4aa1396b01d88dee2d3f96e988dd34c3c65eb4,10
0xbe6d84a503908f7ade8471d4f4b5bed5ecca4643,37
0xbe9181f1741a333756ef6d819f7adb7e201ed429,17
0xbed7e14e072701b27876d44d7751f284cde76a66,2
0xbeeb437eede0e62a796d9e9c337f62746e925832,10
0xbfab4e2cd38aa0a6494c1e3ce1e8cf11b32a8827,10
0xbfb5c354f091d200c75e43bf24562858d3af4b39,1
0xbfe4e0dfcbfac368a1c269c888149ec7feed3650,10
0xc0006e31abcd59f385444e7434421597c095ca03,5
0xc00c1cd03ba8cb8db9b8d410b5b20bf8dc6893b4,1
0xc048f9bd8b53687be7b8b644685e163465b4c222,1
0xc0defaa7c2c2a030bad44a2d4367615f6e8f0c86,5
0xc10512d3d805bd15a4d6a1d80bf4df2760ea6c40,1
0xc1116102e18aa9fe93e7be5e506f4d976f72ed53,5
0xc1650f59296626b83b1a2727589f2df768c61b74,3
0xc172513d486e3b63528d7e7ce2d734a824393280,5
0xc1a44d187e5abea4e63b21b290cef360236a5bf5,4
0xc1bffefde1f7e7057a2fcbaa4365d63fc43c7c9b,1
0xc20ef3340b2f7cd4d70807fadf27a2db3df67078,1
0xc22737a15907d8dbc47102128d8f9971bf5bdd45,6
0xc22f7acf85dd578ce0c7616274aecb9f551f6299,1
0xc23cffd2375ade722720fb625ee0af8efcb7d622,5
0xc252bbac966a9a0e6001f135c104b9bb19fd9311,10
0xc28f272cbd16df2589b3feabcb842a45bcd4c353,2
0xc2a223453780f5c33c4a95c9affded5d599dac19,3
0xc309775d11f59186cb549073d609303af6e37a27,5
0xc32dd2cd79da42611fb861fdc989d6d148652fca,5
0xc3ec9f6ad2bae9e2a320cdcd2355ce3acd576e1c,6
0xc40b73d7969c3543ff6fb00bf6cba9382f88c5ac,10
0xc411ed887ae13c9c6467be85a688459c5a4af3d5,13
0xc41e408374aeec4fdba08b532cdc0f4668248fd6,10
0xc46a822209607c6ee2e31e096198757f160eddbb,5
0xc476106229d04487914de7e4fe39733423cb6d83,5
0xc47fba37b42a11f6867b4af5462b67e90ccfbba3,1
0xc4851c116de98c546ef09f368036070e370a9138,10
0xc485742d19dfcd75482d84de80ad43b9d8f3db21,5
0xc486131964dba3ad4be1e9cc19e8915f63b50d90,6
0xc49376c4d044011eece6ee69efae06f0cc2bd008,10
0xc493b2186818a6e4313c5d1ad724d53905570754,25
0xc4a3feeeb2446742f108dc3b06727b289f46c817,7
0xc4bf64a69d62fc50b3a42431fb535c5338e44141,6
0xc513f38b2a6457e75c6de1f95b60f9f318a34ed4,7
0xc52571c5d19e3a9f37f3af0fe52087734d878b4a,20
0xc5a4e78c99053fa60d79485dc667b329ec639413,1
0xc5adb5a877f81095edcfcc8834297a4dee7908ea,5
0xc5eae0735c1f34b894a518329239ee6b9d500122,1
0xc618c30aa6ca8eac7f8d229e4aae5a4830037c3e,5
0xc62af32b04708176d62a631250df4d6fcae58bcf,8
0xc63494be8c1f07c004088706614b6f0b599d3c18,2
0xc6d1d35ef30e258e9e405ba1fd64bb7442a2dbbf,15
0xc6d6510000166c4e4043a68249952a7fd9650e19,23
0xc7182e288de705f1c9a7de8ee17b3890ca48f7ce,5
0xc7257fa5bea850b598cb7ddfcf65b012e16d2331,10
0xc72634860cbe59bc9e063ea0b4e5bec63ac94ee3,4
0xc799be8de03f20b2d3b101e6f6516d614e6ffe06,18
0xc7d2dd296379aa701ef67ce2a1c3398865a74fe7,1
0xc7ef70254e5a992607c76875b303f0c9a9566ea7,5
0xc817c390e009114686d35765fb8acff44f267976,15
0xc838b08d14d1259b5c5742496ea3fcac7f4e7ce8,5
0xc870fd7316956c1582a2c8fd2c42552ccec70c88,9
0xc888253a70f75d60f3a737832cc2c8410d2c7596,5
0xc89d0473858fc916283d645f60c21def5cfc9ea3,17
0xc8c0494b38c27e27581bd7b04bb9064e965b16a6,6
0xc8cb74385167f04141c8cf49899e16502267c03d,3
0xc934ea2c9629090a11a9dcb901663799f29bc6b2,1
0xc9467f6d899c2ac6a0a423e7d5409cec64e3959f,1
0xc950a5b78898919660745436229d7a7e70fa2a6a,20
0xc9534a59ef121516e5e1aead8d45d151e768e216,8
0xc95c4dac8588959ee66cd1bc6586efbd24349a93,10
0xc9737415bc6fc3d8928a2a2af45d2c850fbee5ca,21
0xc9cb74157f1c0a3966578f9735b7c7ce6c2bd30e,5
0xc9d8cf3058162ef56ae7066d5e6abb4c86973ea5,3
0xca14829d7b2696eb44b1351d4f5bfdee25b2ae65,5
0xca2745a232e7fe2d11cf7d40e43eb6c95aee416e,1
0xca3845f34dfc20d25ea9f93b4a0e86a595ff3db6,1
0xca5ce67a4cc81875f9e687c24ac81d1a6a2ee841,1
0xca72cc4f36e494ba62fcf432b31f41897c9fff00,10
0xca99d35880ce5f6c62ebdc82bdaa02a8ea96101f,1
0xcab79fc4a49051ff0f7bccf93382855dc7526629,13
0xcacefca6805e127a61c04ed56b2ac60f27e0b20f,1
0xcad6b93f55ef52cbd6208b7caa4e258af3d8d16b,34
0xcae997258898ebfdf60f8ce5ffec603a0f29ee08,1
0xcb15649d7b7a1eb01fb1acd14809de6cf82aa1a0,3
0xcb1b0cc02b5a3e35fb061d09b73553b9a746e815,6
0xcb4b578c9934476782427726941ba2c1a1928dc7,7
0xcb4d9715d5fab69c4a50037e102471382e16753a,1
0xcb7c8ec288affcf79f02dcb02bbdd3a27a3f390f,10
0xcbc7f972ed334cd8d0b5838a29303ceb2a5b793a,6
0xcbd2fc06cf050c037ec4481c46ebc624fceb2bd3,5
0xcbd8cdb61fbc75766551a32fa74c281bdc79a832,4
0xcc20d89de39ac9deafaaba2b7402e7fb8bd446c3,1
0xcc2c6b914f3471953eb8b21827a5c534dfa0fc11,10
0xcc44365d1fd4e3241f8dcdfe8133572ec031dc23,4
0xcc4613f4ffb12fc412839df801a7e9a678eac61c,1
0xcc475c6d51b5fe5cad3256c84af0ede800ff0767,1
0xcc63befb6feb1b5358696c86ffec056618385e1d,5
0xcc77e225df6da86a2973aee67a0aac1e9e985e1e,10
0xccaf164303c25be9950b659815aac5122558c351,4
0xccaf67622787cc7dd5dd9962ad7f6c001964e256,4
0xccc2e9551c143b3295f90a096e75c68e07415843,5
0xcceda6e754e9d0f72cefef34d58ba3b792941602,5
0xcd3db4991bd3e4491483e1575fbe09e3bf5caa45,20
0xcd7aa1899823cd40afd37affdb9dc74d251839d5,17
0xcd9a9ac58eafe203e7749ca62507d314e1e0183d,3
0xcdbb121f1dee2e1bea0c5924cb3d60eb77eecb78,1
0xcdd394f0092f7db235014b1373ac5cae10e23528,1
0xcdf156d2afe53e26866936f289e7d9c8eed4f84d,4
0xcdf3b766b14cfdb7e6245fac2993a44f94e5212b,10
0xce2393efa06ce10c0a2ecee421029a62c4024535,1
0xce4a2e9390c1711668020a6c7a09444cfea4b391,1
0xce724bff3e8886348d1ff0a533b9674ca32cd47b,5
0xce92725edddb3d36e9dc8e250093f78dcd7f4012,28
0xcecc0a0102962c884b98f2977d24c7f2952bf2d3,10
0xcf37cc9d50652154da5026fc59b855ffb6f47462,5
0xcf83d0c22dd54475cc0c52721b0ef07d9756e8c0,1
0xcfaac8de1a0bcf6ebc69d08c92d01cfd87ffa445,3
0xcff11f9b64e3d0b2ebde481d57b57733f5112e27,3
0xd0c7d352c78fe4a5c8e93a4782b353c6d87e9c8b,3
0xd0c8f96eee870e41993df99df7085631591e6cb6,1
0xd0ddc824be4a22e0f9c48b3799fa7667c417e9ab,5
0xd1075e9fe0b21a6c934770250624d559f02af09d,10
0xd10d97bd958779f6e37dedbc9cf0a4cc9d454ef7,1
0xd148ec935cdb33dfe1b78bd7f4af6890808b410b,1
0xd1751454aae005b46f835a047d8fb572b11c81b4,21
0xd18a3fbce54b32f13b74bb063ba98bfa25857533,12
0xd1955f1a60795225a93bfa0ecef94d2e0fac433c,1
0xd1b69961df7b513194ba0180fd6a664ed07e4743,5
0xd1f32511b4d160cbb050d3f05bd07f6c0ef47a8c,17
0xd244693238b37c672d2f2a3334c4332e32de310c,5
0xd244afe8b20e78b09a344b1073bf2745c8297377,10
0xd28aaacaa524f50da5c6025ca5a5e1a8cbf84647,5
0xd2aa2637cb286e815049952799b100ea65814b66,5
0xd2dbc469f0fbc3f021c14a1b293e135cc467a8ad,1
0xd30af81d3553b340ac8f0624493f70340801f7c7,5
0xd36b75038424dc217aee234633eff4a777744b67,10
0xd3aecf9e0856822bd320873e905ae9f78a2977e7,4
0xd4644a70a3209e8f35be6e227e1e8618e6ee756c,3
0xd49f5c00cc9096bad7ba4b27bf40b2f17c85ac98,6
0xd4c4d64c869d2fa58cbebae162ca386669d854db,3
0xd4d5cd867944afdd49b13e98cea60a9f8c0c84ec,5
0xd4f7e299a5c8e204aca470ff67b374e7a84d5467,5
0xd5281b0011eb37ab391e59add92ccb33a6870816,7
0xd5341270b57189aaa8427d8cb3303be0b05f6233,5
0xd5480be181f4417828ff619d8b6df48e10f3ebab,22
0xd575b398eb2c13ee35a865cdc55e8319bc4aef64,3
0xd5c0514394debbe67998e278385372b87d8f1a97,5
0xd5dbb9e213545a4d8248d671bfcf6e5fa6e72faf,1
0xd5e22d3fdadbb3cbb4c7cde7d80138bf492afe40,2
0xd5fb864acfd6bb2f72939f122e89ff7f475924f5,3
0xd658dce6d7369c8639de4b8a1941d860d59e1550,5
0xd65deb57d16eeae3be1ab28a0771671e700ca38c,6
0xd66fd233f73a7a891af58f476b39b9281857914f,6
0xd696bed3701ad1997c5a6e3000482f6713af18fd,10
0xd6aeb61dc94e5391b7d7ee1a7f85c452d43c1bc3,5
0xd6b5aa568b54f1b5b849b8fbeab1957eaeb18e5e,10
0xd6bf93756ff8db92286442d95d62b6e12b861e50,5
0xd6c3280e7b610b58ebd4c36ca707d717c2683c3e,1
0xd722fe8c1ebc95471da98625651d2c704991b809,10
0xd73d38c9850a0006d5bd28a01da915fea7673c25,5
0xd7dd7bd520aa267b49199deb1bd50e7858cd51e5,1
0xd7f6bad6fc716b889f84a94fee046188f08988ce,16
0xd83f98b5e4a0de208725990ae216d072302f450d,10
0xd880cc3ed0e591724dded4d0137e70b993250c0e,1
0xd8d3a665df1a81029f26a10e40932ce0108b106e,7
0xd8d5b1ed03e462cd029f034649078ffd0fa58870,1
0xd9c957d2a93c5a689b7dd6e542149296ff40fd5e,1
0xd9cb58cf8ca7611890a50e45d8b5e984df14b0c7,4
0xd9d5ba5c245b2a5667109c1f521cdef2b6743458,4
0xd9d709ae8a023f283b0e0d2fe80f390af4dcf874,1
0xd9e19b69fb29c2c014c05584c43ee5081c5f3109,1
0xd9e330087ffa488daf178e15754848e22f2f27d0,5
0xda50beb6279f1b18e7fa5e061483d0dceb2af064,20
0xda5386537b2925f390a1dc67d2386b18de1d48f4,6
0xda8003cc90b508504bb83d71819009b6b109826e,1
0xda80050ed4f50033949608208f79ee43ab91df55,10
0xda9414c1428391a42e0a5961820095e3962f5600,5
0xdaaf3c8f3d6accdef64b814e4267d861cf546391,37
0xdadd7c883288cfe2e257b0a361865e5e9349808b,4
0xdafa03acc82aece9121c6cabb0961228a8d46993,1
0xdb3dd0474ae31a066f5e75f421c36915c8ffa964,1
0xdb8c5ca4542e65c0563a469ea32725249e16a540,2
0xdbc0a1b0f07f3bb0d9ae65f71ad7acd165986ae4,10
0xdbdcae191fd9be614788ea9c433e4eb328915cc1,10
0xdc1c721dbc7baafa9bc83c093207054fe44dff65,1
0xdc3584e6ae02a7d04fd75ace83a67c637bd23341,1
0xdc54436d54679313d1202a4ec28434dcb291add4,17
0xdc644050e3d25d9ee547acb4a26804a8cbc38d43,6
0xdc78deea4218144a7c27e731f2d4638e8c96edac,10
0xdc8d9112242a91da4cbada87e05dbc20fd802783,20
0xdcaf3ed6e28047f4480900a39a318d8377ad36e3,20
0xdccf8451070a86183ee70d330c4c43b686e9cf86,20
0xdd1e0799211d06217d4ddf34586f994cc9b4e6f0,6
0xdd65335fdfcec4474f5f13aec96ce079fa1895d4,10
0xdd66f694bde45827c0de232c19159f4a1683b659,3
0xdd6b62a1a893edd191609d18f35046017ca9d528,20
0xdd79bce59cc49c98308d5d1c7c635d0b6283d20a,5
0xdd9df31f1dbe1c1815d4df96b2fa5f9694cb3804,1
0xddda9cbfd063e947d23802138bb3a0dbd320385e,6
0xddfa0ea6c23c7923bc7474795602e52748dbcdee,5
0xde304a13f643d008283e2f598f25e916c4701181,10
0xde7a4102e259336e2a47a5e804fa8ca04d8cbc22,1
0xde91165f5ee7d37c2277b981b69f898e1028b98a,6
0xdea3c06eee614bf84e74d505173822236c8ad135,13
0xdee6acc4d54b3ec6c890737fe6b81db7a24fd4b3,3
0xdef82ab8de3283b057e38ed453bb699003c9b980,1
0xdfa47f0bea24b7f5bda9f32ed98f92dd84883401,1
0xdfd869c5320b08006c2e59fa4b9c41d9bf97ebb9,6
0xdfdd66da9131b7f06572870b7039f8f0026aef5e,5
0xe003711fc551f3d6222c11e77008553f5ee58f76,1
0xe0ace1006cc3e4e1fbdcf59fc1c831e77cdad4fc,1
0xe0b43c1435a9cb923f6c19e9383c3cf9f5033f85,10
0xe0d57a4f9888bf5f8e31bb398e52034d7281752b,2
0xe139335c6cfd0ceb7871458c0ad91006a2701ae4,5
0xe1636df937058b951e99ad61f7d2f079244a0d7d,5
0xe1785eeaee36bce143a2db3d081ebe4797f249f8,10
0xe1859624be443eb2e81c93c693131ebe82ae2fe5,7
0xe1c99a355791a0e8e2dc9c98c3ad4cc3a07d99f8,10
0xe1deaa1fd7d1aeda7ab9c65dab63dfddf528b354,1
0xe2b4a124b9047c594d09fb4d1501965b7e3f1265,1
0xe2ccaa82a3dacfc2ac30eb43c3f5368035d8083a,1
0xe2f311073f3677f486ce140df1e8c628424c953e,6
0xe32f5788e7e4425969a794a3ff72b25938c26225,10
0xe3332b39a53ba850286ceb1bf72cc818dfbebece,4
0xe35138abea358a8c65363b6b1e798846d8f63a7b,5
0xe35183f1eeff358d271e6818987b37ff1ce4df84,4
0xe3affffe5e1e175a00f04a9b70dd3860bb1fa2d3,10
0xe3d2e914668d61b628def244b8cee07186d61db1,6
0xe3d498ae2b337ada64ec5905931bad094e795c56,10
0xe3e34fa93575af41bef3476236e1a3cdb3f60b85,41
0xe3f6a7c196ba124a49a3b2798bb838236b87481e,10
0xe41a81cf496c971b562b5b99dccbde7c166abe6e,10
0xe41c29f420d590200b30cfc0e5e1504aaf58a668,1
0xe4263816aa50650106cf639f8b1f077a849f5e4a,5
0xe44ec3ae966a874a40aae7e973ed3071d59a6d55,12
0xe49d444b6e67be7bb97b3b9e268d401534a3bd3e,5
0xe4be764f8dbc9d1b9ec22331df40126b00d9f1b3,4
0xe4c140a67a3a95913a6e2fcfc6d6434d94c07641,4
0xe5051d7725f4d67193d578bc62bb80fa9cde1018,5
0xe533611c8cf37a8ef5ba1d329f58edb5228c9017,10
0xe5747bd825f591a9c5037c4e5eabddc94caebcdf,1
0xe582d68a7b933f5bc431416036fb1e0d4caaf761,6
0xe594469fde6ae29943a64f81d95c20f5f8eb2e04,4
0xe5a802314602d45ce8734df30701a45f7875759a,1
0xe606ff86b54fc5b5967ee17daea610d36a88617d,4
0xe6abd037b3e124d489ce673eecd7914b4cbf19ce,10
0xe6b5a31d8bb53d2c769864ac137fe25f4989f1fd,80
0xe70adf9ae4d5f68e80a8e2c5ea3b916dd49c6d87,16
0xe72a34aff3ebf66c321ab96438e232526c648531,10
0xe76be9c1e10910d6bc6b63d8031729747910c2f6,10
0xe775a0066862903f528fb3b6c5464127791779be,4
0xe77a6319fdc1456e5def674fbc7d77e72b9efcc9,6
0xe78d39dac7b012823f7916f9efb13f4dffc870ee,11
0xe792c449a6b03ba35abe680f491bb67f7488c428,5
0xe80efd4ba1e683dcb681715eefdfa741b99828e8,35
0xe83e4b07281c03fda4511497f89cf446cca113c6,5
0xe85d85ae5e83cd4e752079f166a4f583eec2f849,17
0xe8709dbfaa2c9a4293c1657ab570a9850ff0552d,1
0xe87bf5824fcf1a219ae6904f0b42ca6f0f1bde75,1
0xe888e0afd9fda547a52d4f204c42fd440880c3e8,4
0xe8bd730e6f69d064194313480a4ad95dbf7f3e58,24
0xe8dfc3c135e70308813d6060700215a62c40abcf,5
0xe8fc96fcc81a505e19db8566e6099d8bdee188ca,1
0xe9207ebdf940d3fa322e43afd8cf8fa3e9fd0beb,10
0xe930779472c04dd97af5b8b83d9ec95abda38dce,6
0xe93521bff2e46909b464f5d0c39cf9f9b2bc3673,5
0xe95efdbf9c852375cf522419b3265d52cb0d0304,6
0xe968fb773e54f77350a427b057fdb44e6592e338,10
0xe99848ea3b2ec9e891d572d151e587ee2897051a,39
0xe9b2bf98ee24468384cffdefe1cb0c06de708c0b,6
0xe9b79b29ad7a2a438fa4729d08ed206f0a42f91f,1
0xea0e39551c03e12b63766591f93b54ce99cb0a72,1
0xea49a70ee591887cae76ef91ff5f722eb663a2de,5
0xea56b8a92906a16a0781a0cae52b473c41b9903c,25
0xea5b4521334fc4916ce46b34478c6ba4b660dcb4,9
0xeac55006d0a903980915247a2fcdb2f2a506e401,1
0xeacedf6ccbbc081854531c7784f65af8dd909c0c,10
0xeaff724ab3e787cdab7af7efbfcea1048a8c8b15,5
0xeb29839d4ccc9cff0ceac3fc195f91b141ece662,1
0xeb69059c7078d16762d8b353cf486371f3ddba1e,5
0xeb6cc89475a1dc56138f604bde453e8b92dab4bf,17
0xeb788c3fcd60df7687ce55bb20bbcb5238c72133,2
0xebb715a00fee6d45c3e2220244d560059c6334c2,1
0xebe31c601808e9c22221693d54fb9e48c399315b,10
0xec1e924ca5b291f5f2fb11e082c24bc52551c7b7,10
0xec2d212edfe80bf6a287df400ef87ffb59a9283b,1
0xec37ede97780d93c5a92b8fc7c04aa6710cff833,1
0xec6ba66a6d19fc4b6e123fbdba59e310d6d767e0,15
0xec9cda50cfac87b16a777e758b24a3179c5146ed,4
0xecc499de521ee7fae406c597e91c4c54384c44e6,10
0xeccaddc77268db5091e9201a3a77a950c6ea6fb0,6
0xed1fc097b5b9b007d40502e08aa0cddf477aaeaa,11
0xed3a8d843d2ae1dda5db8e898d8ca68c2f537ed7,6
0xed50a6832710186dc58e613c6c5930e477904349,10
0xed9c1e5658f2c5ec29b5346f0b651d0c3dc26cb8,4
0xedd0c77314f07fca414b549156a0d9c915b096e9,10
0xede1fc4dca17cd9c9852f3dcdef09d08867e00fd,1
0xedff342575106896e65cb2d2c5a5d41db3524f28,5
0xee730a25ca18b1ba36f5992ba50e562b70391954,6
0xee78db02e0302426c5086e63dbeb1c16d8b88b17,5
0xee8f2afe7a682b9874cd2c55010f5d785b4d6e42,1
0xef24cae28d24160858ab749c2e51d5fbe6317395,6
0xef6620b6cefead291cc461c138cfe25b812e5e48,1
0xef6ee1ece8664605493e69de51f490c096beeaa7,25
0xefab75b7b199bf8512e2d5b379374cb94dfdba47,1
0xefe20ed19f4de87d68d19ec9a935bcb29b88a83c,6
0xf038144e1ff8534df404eb78c9466189e9a062f5,10
0xf05e75e42272ec60ba6157d647924fd2de7a9495,1
0xf0ad13b730859bd3335a2c80cb95fa6d03725968,5
0xf0be20bfddb9a1a3d0bbc7b13ad6d9955996ae88,10
0xf0e671bc5f6b7c96fa2c32a5aae25600ff31d756,4
0xf122eba5ea71dfa018ba2c55dad05d2aabc09d2e,12
0xf12aaba9fd1ee0ef5908b79478b08f85415d0479,5
0xf15a780336068b58997bfd4640f008349c27636c,20
0xf1855aa2700349958a9cc27bd9262c444d8d4999,15
0xf19df0e4c4babee6960713eb175dec48804a4865,3
0xf1c68bae103be7b4566599d828697c16be4021b5,15
0xf1e401b0a7fc9bd313f2c67a491e11bb66216ec2,5
0xf21abb3cd8a9bf89d1240bdefa2ab43dfefd18e5,24
0xf26eed08800ea40652a48e0fc6ae63abc246dedf,4
0xf2717fd2172c959e4575d79d92c255507becef4d,10
0xf272db9757a605e190be44f9d72eef0e35d3944a,1
0xf279152ca88c2e6620f85c59df6fcde9d43ce386,10
0xf2bf588d0d682812db2bdd5e5ad1f19e027e1948,4
0xf2d011008eb6d0574180d6a39d84bba230f554b9,17
0xf2dcbf262cbb13558cf6993213421f1b8c6321e1,5
0xf2e879910a49fa752c229ca0f6c6cc47cfcd7a7e,5
0xf324a3a4c3f6b7fa498d49f663e3f9adb58a8064,3
0xf36700ff798394c4a58fe861a4661f5489d90735,1
0xf389dd1f828525b449d63d14157f2d3a25ee0a41,32
0xf3a711b63e5f2610a850ed3294e21efd56afab34,4
0xf3bf9ddba413825e5ddf92d15b09c2abd8d190dd,20
0xf401a7c5469b54eaf88597b92c53a0ece91cc398,10
0xf412716874ddcd23d81e2d94048e48c0ad965522,25
0xf4249ba2c4c24b306bef37f69faec63afed61afc,5
0xf462efcfd9b2d204cb9984f0aefcb172e81e08e6,10
0xf4a80265ba868e5a62395ddcd6bfa8f0b721742b,6
0xf4b3727b3ec2902e3d225ffe795694aa0b6737e0,5
0xf4c1b69a65f3fdbafcae0786c5fb02dad3e0f353,33
0xf50b5bda78cc8def560b0c89b903c26fd7be8965,1
0xf57d4b3c1304ee65e9d51b2eeaebe8cc307b0f22,5
0xf58fe388d53e9542f0bddff2d1578b13675228fd,4
0xf59a54af89acf62c83e3f256bb382a8910ff162d,1
0xf5d72c32ed0f33f2d4f8fa8c5aee64e0a1d494d9,3
0xf5fb97fa762adf0f12d2b4a990e69924399dcf3d,1
0xf627347ec940f1da5fac192222e88ccac97e5950,10
0xf656245770d82368c5f6b6a9c2f0e0d7997dbd85,9
0xf673588e1b3280e87e98e7feeb85fdb27943853a,4
0xf6974c2854e03bc4498cc54c60fb0d09fd9dbb99,5
0xf6dc93c168482ae5a3058b88d71e903ab3dd4e03,1
0xf701e2f078f863efd2e2bd0d6c4d4fbb53d90485,15
0xf715bcf1ce321dc232136f3ef0141e674314c3b5,1
0xf7fc65b17988018c6bd3deca178f626359249383,11
0xf83c840e925fb5ef0e124c20bb5194fe4f227d42,5
0xf84e763d332e116860315d351f5c2863fa000ae8,5
0xf870f34b821754105708dc202eb918d7aed1dee8,1
0xf88e8857cd5ba7a3762f71acb12781ddd412d0e2,6
0xf8d307bc22158c8b1852881da9a7dbd97dfd7df3,49
0xf90581ad06ee7ed5117776cf434994b81a6fd2fc,6
0xf917abb04361e6717d34182996fe56cc97f91d44,10
0xf97feaa6b931c75fa3c94c6c1caca090ea36b258,5
0xf9899ef270ced66b9f9ddb7a0dc9d000dd8d5c8f,5
0xf997e6d514b17d882a3fa9efb7b5e6d7b1f2a332,16
0xf998f1b91483e77cc31e68820f8c85f900e8677b,5
0xf99f3a81220737206ddbc8b633dd8e8d972929bf,10
0xfa3c26c27db82e2cde32d8fe7f2ae1ad2227cb68,3
0xfa731c3f64bf97f528292b137faf0abb14da3b42,10
0xfa9be7dfc53c654cf4f2613ac6e8a50ba7eb172b,10
0xfb2023785af2e25fd58079639af320c40dc6d205,5
0xfb408fa20c6f6da099a7492107bc3531911896e3,1
0xfb4d5aafee790296d1e35398d8e1e2259c2733b0,3
0xfb780ba2555d96906b224345304240ad31017810,5
0xfbf580064d5583f44d528bfe9e0834d5dce96da6,10
0xfc1a162cad8edb2ca1649340177429d7342e7531,5
0xfc380f45059575cf9943f5bc730ef3944ac0ad6d,1
0xfc6c696cb8e635df54a2fa21ba8adf94ec45f961,6
0xfc9b404b198c7d35110903a5570299cd642999ff,22
0xfcc5067f06bdba16e1b696d0fbb16cd15e6f1f50,6
0xfcfc993e6cb24cb47707ec9710b43365078282e1,5
0xfd039015e6f6cf6a2805de5564c32f65ea65d8a2,10
0xfd22d7e280e76793d9537bd8c4773b1ed4217c70,4
0xfd3647dd4e3c288bf44ce2fb8f9bd81a7e980b98,8
0xfd3aed9afa6e07367bf18bf9d6543d110fb9c849,5
0xfdc46fbdd8af50d9bf7536bf44ce8560e423352c,15
0xfdd440fccaeef8244b146c6c3d67e508041d0509,6
0xfe222247735b3c7ef099ba761f9477450f5256fe,16
0xfe67648a6b97751d7931e73b74a5b65917bdb06a,10
0xfe9504b81b26dbd6b6fbf3ffc13983f10ec19ce5,3
0xff2474a02f5d5d009ee00406463aeb6f2ca8b33d,3
0xff25e66c3b230569d791fe24d748934418926ce8,3
0xff3885ef026edc8609037b0f3cdade548e302624,25
0xff46a3814129151da3042ace72aa0da8776502a2,3
0xff68d86d0f5b6458e8fd77e1e9f045ae8790d53c,1
0xff794ff176dde7640064983d8f2b942b12a4ab7d,10
0xff865c4822f25156ff48e88c86ee7c4d0f3a6e4b,6
0xff98452865255378c71be2a595e457f307023ed4,6
0xfffaa742a7258c6b5f917577c928bb72ca9db7dd,7
