"HolderAddress","Quantity","PendingBalanceUpdate"
"0x00200f4e638e81ebe172daa18c9193a33a50bbbd","1","No"
"0x00b0cbdc18bcbdbe57dfc0553d04e82bb72b7313","1","No"
"0x010dc5440ad49f9ec0dd325b622d9fd225944ee4","1","No"
"0x01417e59b64efc0c8727a31f1fbba7c6536307a3","1","No"
"0x0178274ec3e22cb684a35d829f5e15f66441e71a","1","No"
"0x02170d140c843646d4802f6e65f9236baccc2f70","1","No"
"0x0224de28dfb44cff56f75cf8e09b0ea77d62794f","1","No"
"0x024813b4972428003c725ea756348dcd79b826e6","1","No"
"0x02dca1f0d7b429e1b63b8afc5a9747d96d4fed63","1","No"
"0x02ecde92da41614f541d80b0d4f338fa400a87e5","1","No"
"0x030a53836db220b22cf71a739171e7b64c78e0db","1","No"
"0x0345fa5dc69c9ca90a441215e2fa8a0b36469286","1","No"
"0x03d15ec11110dda27df907e12e7ac996841d95e4","1","No"
"0x03f1189109b257c5e9643bcfed9a462e9c841c0d","1","No"
"0x046e3bcfa988b815cccde68cabca3c9720f0ec75","1","No"
"0x049b01d4e0d96a381efc23a04e24c35552e90233","1","No"
"0x04b5d504389840029ab77d02bc8f4bcf3d34d711","1","No"
"0x04bda39ac7b59301b2cda74eb84b16986f88f884","1","No"
"0x04c693eee6829bcb684af3d1ef9b67d44f1610da","1","No"
"0x05284b4c80fb7869b8e672d54d9b450626c10a98","1","No"
"0x05a7eb929209f5c1f2f08dd087b64bb1beba99fe","1","No"
"0x0623a237b9a095844733b2451ef4a6776aefb323","1","No"
"0x0624e2696007285af20d8c3e1fa7abc30b1670c2","1","No"
"0x063882309dff155ad967bcf08db42e0ee799b602","1","No"
"0x07fe9b9631bbf6879d59e5d6bc5475767b89e56e","1","No"
"0x080219595ecf1d967f23f2055e864b041b1cdee6","1","No"
"0x0879fd84b537d1bd82041ecd37a84ee338f6e3d4","1","No"
"0x088866be46df4eb8d3fd6af8a5d4c736eec03c54","1","No"
"0x08bba186abf786eaf7bdfdfafde604073531fa35","1","No"
"0x090f9ff7c65b73e5fcfe012ec0557f473f00f2c2","1","No"
"0x091133b50b57f7f7f27cf9bd386b42e7e5228c5f","1","No"
"0x09afcd6051c04fcfd134fd23e93bd298cf1798d7","1","No"
"0x09f688a5bab45a044d60df201c5f2d971e9a1f47","1","No"
"0x0a77344f89a54d1d62df005e3b3c8fccf3a88339","1","No"
"0x0b31dd1f0657781d26a90c17031a55cd7d036352","1","No"
"0x0bc98fe69fe81c586b3412405d38f651a93462b7","1","No"
"0x0c0482926fde90d80fda23d2003b6ae32a7ba864","1","No"
"0x0c8f3e3912f35a59ffddc9ff1abb8fafc89b29de","1","No"
"0x0d26520009fb2524ecdbe886a249dec60ede2444","1","No"
"0x0d72f3bb5ceefe985fca7518a78c3cd67b6a6672","1","No"
"0x0dfbe7e82c8cef60332d6bcaabe714c6f60a8d68","1","No"
"0x0e63c553e771293fda16617073ed5b1020dfdda5","1","No"
"0x0eb21ed8543789c79bed81d85b13ea31e7ac805b","1","No"
"0x0ed29d98ebdb37eae3f4c4dc95937b66c3b802bb","1","No"
"0x0fb5b781c0426555f65fcc5465dae965a976f483","1","No"
"0x0fd2513278a011f4c85411b79ede6926e1396736","1","No"
"0x10029869abcebfac65f911732ba0662d9cc69b63","1","No"
"0x106ff64f69cfe2827782bee8fa8509bf25854bc1","1","No"
"0x10d91c5b524fcc7ac371de5bf0fba2992738706d","1","No"
"0x1106c0e0c841bd4a07bff1e1b65e8f2c8b3e9bb6","1","No"
"0x113724ed2635eb266b10a4042fad13b5a92b4c2b","1","No"
"0x1197919de628a347dc983bf684e2f4a6fe78fda2","1","No"
"0x131cf758d9ef6bca88928442dc715c8fdc113952","1","No"
"0x1353f76e1e0ae32312f07e4089e2ea7ce6c2f3b1","1","No"
"0x1382a5b78fa79b504a95e93033a7c0d65fadcc7d","1","No"
"0x1452a8c4745001cda8a5920b773cbd58b1d29b43","1","No"
"0x1632fd90a2de31a0881a42df01dcf9e1edd3d8ce","1","No"
"0x163380c6aa5b9bd0e480241b1ecf1e9ceb6da7e9","1","No"
"0x16df361da7a8aa3c6f3d8b65ade18f465a9f4e41","1","No"
"0x18313412fdde30f42c385133907a9c22fdd7fbf8","1","No"
"0x183fb5d6d544b7e34f83ba7432ae604f58fb8893","1","No"
"0x1874e9f4f6dff410767a1f1e6a9d09c4ec0054e4","1","No"
"0x19dac8017ea150867ef4da05438336ab2e28a7e0","1","No"
"0x19dda3e9916854f4ad51b8f07457c8d5ce1c4c8b","1","No"
"0x1a155ecee2582697c7e9313ebd577167f12ba5a1","1","No"
"0x1b11e4cdf56304d4d8a6e3645e219cfc30339e65","1","No"
"0x1ca1e7802c96efa54931d0295e780b3ddc0f9b8d","1","No"
"0x1cab1366011488c0ca435ab4c2f8e6b753a78574","1","No"
"0x1cbd1cd53dd1a91b15ade97f5d78bb54db598538","1","No"
"0x1d1ad234615665c05a9a3a74cc369b3edff677c5","1","No"
"0x1e0fccc568cad9c84579097998391e1fa216077d","1","No"
"0x1ea2ae4f384a804421c200d46f8d31f1dc20fdf9","1","No"
"0x1eae1d8d060ddd478c93e0ab4a848d482b8b414a","1","No"
"0x1ec56fec60690d38b43517dac23eb2871b5adc1d","1","No"
"0x1efd91be15efe4bb0e97a58302feae22f8a1fb11","1","No"
"0x200874a1fa654bf7e9794af9e97e53ed07b94dc3","1","No"
"0x21a8700a79767bd89d736c502ecab7bf9e1b3a1c","1","No"
"0x21e4dbd1780aae3b4549efe19448d82b1a3caafb","1","No"
"0x2211839a98a6a21e8924d31faa704c58657952d7","1","No"
"0x2264e05c4fcb89eeb0e35a19324d7f6ccf038db7","1","No"
"0x2276ad51328af70aeb0c42487f8a8ce7617d0017","1","No"
"0x227878fbb6b7ebcb472f78989d7accaf6618c97b","1","No"
"0x23461e24f1d7601a674ab672adee0b4459302214","1","No"
"0x23b472b49a70030b14a4f155a31bc35b978729c7","1","No"
"0x23fb807e4881f629fcec79cbe1ec95eeb1b8aa76","1","No"
"0x2462c818b7f8a075babc1d1188cb127c8121b2d3","1","No"
"0x24ce91e076a07306728b26ea20782e6bedb555cb","1","No"
"0x24fe24b5abdc9917f33469ff2d9b1ff01803c87a","1","No"
"0x26a0f06ab63d6b08e3b67abf0518a88d3ca360a2","1","No"
"0x271d85d2ceaa91e979629f4d30173f115b2767fe","1","No"
"0x276e69cdd336001afef07075859a93078496c3c1","1","No"
"0x2775204be62e5a47de09a3ecd7e8eb40e27dc653","1","No"
"0x277b29c4d8f09c21ddedb766fb587888245ab1da","1","No"
"0x27a1b27b2e8bfdd57a3049415dcf6a63ac11667f","1","No"
"0x27ad2964245b5e34974590ad35a8a08c1c29146d","1","No"
"0x27f7f98f0a241e7c7882b38bd5b8ccf57cc033bf","1","No"
"0x2807994eb1f9e7f5bdb8e40cb86503027e1cee4e","1","No"
"0x286f683d1e73b17be4cf30c1ccd7634c2a7cfc58","1","No"
"0x299776620339ea8d5a4aaa2597fcf75481ada0af","1","No"
"0x29dc1319b604edb25624af593e72a555eea6fa86","1","No"
"0x2a1d46abc0f4087fae213b67de58bc135e715f25","1","No"
"0x2accbab952fdef93f722ccc14425165a13fbf67a","1","No"
"0x2b749d044e42cf7974a3d7dac16b39b5d88fe0ce","1","No"
"0x2bc29c80373a8b35a4bdd4e108b68075704927dc","1","No"
"0x2bf30735f3e75937808eece8883cdc3e74107f56","1","No"
"0x2c119702a8fbdc94398bffbb319ef11b53fbb49a","1","No"
"0x2ca663542d4e17c20c723ccb8357f508fe3ed6c0","1","No"
"0x2d10dab1c445a9224e1a1cb200f4666f24b67dcc","1","No"
"0x2d4b8529c1bdf9948537e00fd0a63307c9de3cb1","1","No"
"0x2d674857986b5c052ca1cb07b1d2ebf304e2ac5c","1","No"
"0x2d9c146486646d5d48ed493ac659a48ce5c18785","1","No"
"0x2dde4eefe48b040c2db25617f7da204c2fcac1d2","1","No"
"0x3090a8da23358422a98a0cc2ddeda51ebdeb27d0","1","No"
"0x31d0f76eef0630e48029d95f5317ae57fd667ee1","1","No"
"0x3252950ed42d9d9f8d845fa6d95d3c441ec5c65b","1","No"
"0x32ebbdf49a55eac1797ef29d488b189114b4e210","1","No"
"0x339256501be73e18d1a3a6bb28c3a352ed38c023","1","No"
"0x339f2fb6b0b51626479522d507f47e00e1730f5f","1","No"
"0x33b40d774018143045270be78ca718e9d01aaf88","1","No"
"0x3411eded386df6e66a6861e01c25ff01e0683607","1","No"
"0x344a7bdf00458c9691f496df464a522b187075e4","1","No"
"0x347e6d5ccb9897aa04677f3d011a1b3be1f64a87","1","No"
"0x357e02fa155d77ac25b78a5bcb453f2b0bf87990","1","No"
"0x35fa30ffacae0b7836105cd750204b39c5d1eff7","1","No"
"0x3672cfb437807ff70d44c118d09163ab92843152","1","No"
"0x36ca561b4194c5554329a18bf132ae773a596cd5","1","No"
"0x37afc6eff96b34a74407a391828f60a81f2629dc","1","No"
"0x37cef32997431d740ae8d424abed0873b7a8933c","1","No"
"0x3864d3c3ec5adaf81854aefe4ff2c161e586b9eb","1","No"
"0x38df5d625498502c1bdb5d295af244f9136bd7ea","1","No"
"0x392fbd98f9cf6762a408ccc114ef8fcd09412d43","1","No"
"0x3b52d688a0d2738562912fc225520a5d25533486","1","No"
"0x3b55ce5228438d0725985a8927c821f1c1a45261","1","No"
"0x3b8c36c31de4754a673db131dc305da9510d3b09","1","No"
"0x3b9988e318874e5a2fbf32e3521951756d4f43af","1","No"
"0x3ba3e7f3159dabb3779c2c2348f0b5865b3fa5fc","1","No"
"0x3ba60244182e6b124a9f65069953fcc91d599b1c","1","No"
"0x3c4600143b354889b7320d783c1da1dc2eed353f","1","No"
"0x3e047fca2319ef47cf0b1bb4ac8e4f5d6e1ba02c","1","No"
"0x3e4ebec45ec0ea58cdac5e528fe24b5874f22216","1","No"
"0x3e679cbabbb45f4d72919eaf06a6d645c2573991","1","No"
"0x3ea0d35306854758346a43f219edab2618af9f31","1","No"
"0x3ea6cd400a44946e9002c8fe97d29bd86526ad39","1","No"
"0x3efa8b19f3474467a3a0a0064be3af6b0a70c6e5","1","No"
"0x3f136decac34ee8a21ff67102d70865fd13f12e2","1","No"
"0x3f24ef8800ccb24006396cd1ac59a375ada7f943","1","No"
"0x3f7c6b9f0cb31253ad936650923d282011be5455","1","No"
"0x3fd411dba7a5a7af05e97329e4a9fe8b66ecca20","1","No"
"0x40067d0736ff54789ab846b9a23ae7573a5d0cc9","1","No"
"0x4058cd8733f6b4d64bdb95df669e35c63033a708","1","No"
"0x40b0ee5b6cc16c409ba5eff7920110cdf93b3a00","1","No"
"0x40b732ae4ffc6da688ca1fc7e9766db42f81f079","1","No"
"0x42128b1e17c65c4e3fb50c0e22831c5ef54d19b3","1","No"
"0x422f2d2efa7d3e38fecad22f382668f8527dfae8","1","No"
"0x42fd2d7361a22e19fd09acb148702eb87d7481fc","1","No"
"0x4301cd2a9bdeae8d833ae5cba481197ab4883b37","1","No"
"0x431fd9db8f420944ea56e913cba80de312542f8c","1","No"
"0x4333d3d3f8e14ff7547c7a540fe1a48836c99ec6","1","No"
"0x4467554da9e6e79ef5f90f0c0fcbf7d645c394cf","1","No"
"0x45182a45edde87bf0f4c7b1d372842b780a1f7c1","1","No"
"0x45851743e34bfd3302a0c51725aa1f92304f9f9f","1","No"
"0x45c5e193a4efc6c9b75d6ce9b6379357c74dc982","1","No"
"0x46595836315e7eb0cc8147a50357036b4afb9285","1","No"
"0x46978252bf0e4e612cfa36d376854418bcb773bf","1","No"
"0x46a8b96b236dc3c4300425a593380e870a85122c","1","No"
"0x4791e24f331185d4e36393d50bdb13590ec322ba","1","No"
"0x48b4a05f1f6cc77b984bf29bcd221177cb24f8ba","1","No"
"0x49cabddc7cb7958460fc5f7f8e948c59e59c8ba7","1","No"
"0x49e23fcbbeb15002b8c72f2415364993372dc121","1","No"
"0x4a79fa4cd5d43c12eae0fd14bcaf3ea2e84923f4","1","No"
"0x4b207d9e5a4ea61303a96eceab5eb3ee41d3ba1f","1","No"
"0x4b36dae68ae191443fdcff240f070ab8d7a4e00a","1","No"
"0x4b7ec01d9cee4c5a31106726dc128ebbd2a1a4b2","1","No"
"0x4c2602dd7ea9120041e089e6da9926657c699317","1","No"
"0x4ca9e8721dbe31be7da9655e86f829ff19399f93","1","No"
"0x4cced8f41b1e0f470b24bd8156ea219e9a3fe502","1","No"
"0x4cfc31e3c04ee843fc8c56a54322b8b29044df54","1","No"
"0x4e0922f70c61f764011e5b1e10de549a96a0a305","1","No"
"0x4e2d6ff05f528e47f16cffa41fb9a9272dbfc49f","1","No"
"0x4e8829f7cf4403a480c385602e3c88d91087ab03","1","No"
"0x4ea84df571b2f86f80882367c08423fcf3ee29e2","1","No"
"0x4ead4410a770b4deb856d4a1733830b7fff15d73","1","No"
"0x4f7631035286bd5d25049f7f69140db58f79d912","1","No"
"0x50136f1f1a3fa426de044c4f88d258413afc1aa5","1","No"
"0x512a328a9745343d92f09de6a61806c0a36fa2f0","1","No"
"0x5185ebf93d627f1a20b39b8d5ea2878a6f24faed","1","No"
"0x51b22f5584ae9908e9eb3e318c6e0b4fa4921b6e","1","No"
"0x51ea5791045fcb0c74308e15ca7db2c7ee29a4e3","1","No"
"0x51fcfc7d4a032478b8919e30ce52b39fbe823fe8","1","No"
"0x52bd084ed2258bba6500da2a0a40a2812d0ac7a2","1","No"
"0x53913ba73d2a8ad19461be8976286143bceb0154","1","No"
"0x545425f9686b56078da3bfac5f9f25bb287b1291","1","No"
"0x5538212ff30e4cfb0665fa3c187140491d18ffeb","1","No"
"0x559f182414864d46dcf9e80626a820c1f945be90","1","No"
"0x561097f3d0f193f53e56899555218e3e88d1ee38","1","No"
"0x563b011d84682b3a01a5f98c327e7a0f4ea769b0","1","No"
"0x565407b406413d896319fc9da28e7a29bb6b5d2e","1","No"
"0x565a6ae3c8cae20ac43e122ff814380e47599294","1","No"
"0x568d8060e8a0ab7602549de3d481a9623a3fbb08","1","No"
"0x569169d17c261c5324df01a294d56cd2cc066bad","1","No"
"0x56eb69eff8b5ec825470d83ba0b098c538da11be","1","No"
"0x56f0d4abee3d9a6d1ac00f1f7eba6fe73c05b046","1","No"
"0x5722366feb77612429a4cf0ba0250432bc981ba5","1","No"
"0x5725e585cc133bf19f8b58d731826a2d442b1f87","1","No"
"0x5731c3e65cc64966cac71efe60e2f05ab07c3204","1","No"
"0x5795c158fc6c810a38aa8e45436b3870b0efc80f","1","No"
"0x57aa387c72859674f5f0afc99250b76ff0435b5d","1","No"
"0x58246f066674ef1a3a796ea14ea9bf34f6cd75c5","1","No"
"0x5826cdc7f8b70a5fb0cf49c80a10a9647fa620f9","1","No"
"0x5943ba8d85887cbf9b8d01ce71a152cc270256af","1","No"
"0x596cb816656e63251e08d427d5d61d77db934177","1","No"
"0x5b191f5a2b4a867c4ed71858daccc51fc59c69c0","1","No"
"0x5b2bd4080ba108188a209dea6571301dca234f58","1","No"
"0x5b4a0ae9a19306f1cf3d9aa227248750908be506","1","No"
"0x5c090d636db202b91ea1f1056e00decbf2f3407e","1","No"
"0x5c45bb5c63e2dc6c3622b694cc66c4ca098c6b6d","1","No"
"0x5c55e6b297f36eefc58365849ebe8061699e5448","1","No"
"0x5c7975fa3b0e1ecc47baad4596626aa2c1089524","1","No"
"0x5cb995598b52d19883d00454ce979be4779e9a01","1","No"
"0x5d32e4c4e7973f4090ae30a02269eda7610c4916","1","No"
"0x5d4445b95df263e29d0b8a4f1e521ccbe09d1f18","1","No"
"0x5d5c2ac86282dd9d30d4227bab92c7112d02a17d","1","No"
"0x5d7c605323b13a7bead7aa2172d36cbaca2075db","1","No"
"0x5d8166c59869f7381f0e757571f3cd55125a857e","1","No"
"0x5d95a2ead9344709902e65d37eb9bf411bfc56e6","1","No"
"0x5e2077bad03356a8f8300f976a7b7a2ab1709e04","1","No"
"0x5e93a62d8a5520f0123ad01aca143aa85e8a79d2","1","No"
"0x5f1f6c7ae6944ef82966365946c1eeb2ea7a9505","1","No"
"0x61081ecd5a0a2af307d5cad05bf3a88f08ed7c79","1","No"
"0x6210477b3025bf5ea50a35d39e7d2875dc11661c","1","No"
"0x62169ae3c7038755c2091093af839113c391c6b8","1","No"
"0x626dd8ceb6be6121982d2eef2f772455d841047c","1","No"
"0x62b9f3f2b1e6139481e67ba804b6acc69ea607a9","1","No"
"0x62e7d7c99b276e9b7597149d44799f3b37e43039","1","No"
"0x630f34b0aa45c4fc7d846c3611379b27615a9786","1","No"
"0x631918922abc0a74d25b3395868356bde22e00b4","1","No"
"0x6332e01bb0df1fb09965f52bc3fddfe82e30f61b","1","No"
"0x63fe448315d0d7f1ccdefc26509f01bccc65409f","1","No"
"0x643158f1cf03edbbfc1b61f8ae0830c3e50e420e","1","No"
"0x64932ddc14096c96286b48aa6886ca83b3974536","1","No"
"0x64aeb121fc52446a54f5ceec5cb029b0c638937b","1","No"
"0x6533e007d160ed5b2b0094f7b06383112d9a4bd8","1","No"
"0x65eb988aacf23a87fd081fa167dd4cc7c52bcb3b","1","No"
"0x66471666ad5474c14ed35f1d8545d11b27e16dd2","1","No"
"0x66755d560e4447c7d2a50acbb119d4896b6eaad3","1","No"
"0x672769b3047b79bb88ecb3519b4b2cff6cabea43","1","No"
"0x678fdb6d4ead7f228ab4f58f1628dd62d487d67f","1","No"
"0x6854fffa71a4ae49df700d087d377a297c595386","1","No"
"0x6888366d6f15bbe4d033a27c0132cd22d5210a65","1","No"
"0x68c81fdf2c21b333495408b83514f4006f6768c4","1","No"
"0x68cd534771f676677f714f26ee47a7dce0ef01c9","1","No"
"0x69a28644001eca50420ef6b5cb30d886936aedab","1","No"
"0x69cdb5e100e07dfb0968c306e62f185a6c196080","1","No"
"0x6a7371210086ee6b5ad6a9291aa8655b6d1d1141","1","No"
"0x6afa5fdc824be4ddca05430cfe484cfa6c92b4cc","1","No"
"0x6b3541e1769ad6e261b5ad006fd4385b00aa24f2","1","No"
"0x6b48e70ff9ff227fbc46d6faf41e1a59967f0f99","1","No"
"0x6ba495e6bcefbcaa7594e6fde2d1b005e363d1e0","1","No"
"0x6c15313ed774cd815ec15d25582f893f18328666","1","No"
"0x6c2890763ebb6781107b394dc498f6b82d58f56e","1","No"
"0x6c3d16b9ae914ab28be4ffbb94eaf8f8054c6909","1","No"
"0x6d2166f9f5c8d20b80f9841f9c36b17b8d59458a","1","No"
"0x6d465d2081b799770d0ce7e755d8db1665903ffb","1","No"
"0x6d8dfb5e84757b8309fb9e88feb6bbcd5d1ac531","1","No"
"0x6de9aabfc4661f49d1bd909fbebc2495d1896452","1","No"
"0x6e1de6807abd925dd779310fda31077289223db9","1","No"
"0x6f4afbd39343672d734488ef1b590aea9bb7f3dd","1","No"
"0x6f8bde47e8913e1ae848b75b533cad060dbce8e7","1","No"
"0x6fd8e8858866effbe0cc710bfbce753901dfd50b","1","No"
"0x700a023f22c4a4fbfdeed3d00b951ef8ea932be1","1","No"
"0x7010e9af3bdfc58b16c616a6574085d9b4026480","1","No"
"0x70331bfb773cb112055c8c5709e7f2f53cc68430","1","No"
"0x70e4dc3ff99d71e7772c700c33c2d059fd08715f","1","No"
"0x7126340437aff26c735ee491f42b3aa752b9d5cd","1","No"
"0x71e78c7197eee4ab2a5c940477383b89bfb7c5bd","1","No"
"0x71e91f689338b13aa4a8c32a69d410f433b91663","1","No"
"0x72311a4114e9589ecfa446b8255d6ab2c921cce0","1","No"
"0x7251e7549431b78cefef000d584c3356982ab0c9","1","No"
"0x729250be25dc878dd400bf5bef702de77c83493e","1","No"
"0x73975f92c0d594a8872bd329c46d0a8476867f96","1","No"
"0x74af029ee38f3abe99643e8112a77c7f1fa6dfa1","1","No"
"0x74b12b1a22d16f94696f22a19824a13b31e5d855","1","No"
"0x74ec3fa65265d5e1a83b20f71ac7e22c86efde1a","1","No"
"0x752dc6bd7c3930dcbb3779f896db856253cb39c1","1","No"
"0x758e160e69a70ba6accd548ac15df351b3068a72","1","No"
"0x75e9af500cbfd5cdac4c075ecfc3935779f9ebef","1","No"
"0x770569f85346b971114e11e4bb5f7ac776673469","1","No"
"0x77f167cdc43b967658eb8ae473f94402c1672986","1","No"
"0x77fcd357d724c18e8af0688af273c21807ef8658","1","No"
"0x780464032ade8050c7d7440a0b21f600987d8f2e","1","No"
"0x7874ff35a30a51a51a79bcd91a1d91f4d1a0f1ce","1","No"
"0x78c8fa60a5dd4914e9eeb146232625cf1de526fb","1","No"
"0x78fe936c552317cc63d2043c12407987f0f39b7a","1","No"
"0x795a5a6ed365111a62b0d8db7125d8ff95ba0310","1","No"
"0x7adac32caf438f0819f5477c62a09d905e182940","1","No"
"0x7b1d8b335c2c9d010ae08fcdd9933b5157d456e7","1","No"
"0x7b1f7658533b8b2a81ea8ddc963476c1feed4608","1","No"
"0x7b1fa24cf962ce038f198c8d8b1cdecf5971cd0a","1","No"
"0x7b6f4f410176a537bfe9a1f6bd9765c24669c7ef","1","No"
"0x7c1ca185931df15eba6e8f735e1610f97ab22684","1","No"
"0x7caa2e4c4303a7ef167fc58fe077d700a1a0f01e","1","No"
"0x7cd57b61d2c2c05dc0fde21e6cf653c99b1c1d36","1","No"
"0x7d3b5c4dfaf75d1f6346af4d68e8e22cac80e8d8","1","No"
"0x7d62cf2e7fe9de04aaefbb7b158abff76f786f27","1","No"
"0x7dffcfc575fa48c501ed22aace259212fea17297","1","No"
"0x7e12fe62f437158a8b2b67464924a1bb453a00c5","1","No"
"0x7eccefa321ef94ddb3f7d8a12389f7a212fe81fe","1","No"
"0x7eee523bf663d7c0035a82561d6bc39983d401a3","1","No"
"0x7ef38c01b9f72c60625e43a9268dd67c82500975","1","No"
"0x7fc80fad32ec41fd5cfcc14eee9c31953b6b4a8b","1","No"
"0x8042efdab5121ad237f19076994ba65560b96066","1","No"
"0x8079c0831def4bb59bc5d997538d2fa937df1ddc","1","No"
"0x809693faff05f76c0bbf3006198d2e0e94f95756","1","No"
"0x823817c6a6f2e78093341c18231ad28b29ad35e3","1","No"
"0x8271ede9e5deff03d6853eb82f3a148316d09aaf","1","No"
"0x83b293bec477fa52a07434fb30e7faaef7e10ce1","1","No"
"0x843c1ba85e472d0e7b4bafe28939f151d320fce5","1","No"
"0x84489385f14c8f1f9c9e8dff7c36d541d45b80e7","1","No"
"0x8478fbf80781be1bc9f78c005924780bbe5fb9e8","1","No"
"0x848587c70caee2647caa9fc4d5bfa9e88a392c0b","1","No"
"0x854711f82e1df2dc0278f623e9c66a2dbef5389a","1","No"
"0x86648385cba19838bb2c75e526d3d5589e84fcf9","1","No"
"0x86c8d9623f832cce207e0d880deed937dc90d975","1","No"
"0x86f566e78c9d9fe775e7ae10c3b4a363ec54b552","1","No"
"0x87e66dde09d61adfa076bdffd359871e9e5c1238","1","No"
"0x8915e6724ba238bc6a86bffb0c4dd21cce840ae2","1","No"
"0x89df5190b7ec97b49a97b064eebaecd76a4ede9b","1","No"
"0x8a1b73a88e1854dd3eebee4354bd4dba23861e3a","1","No"
"0x8aa643c81b7667b6c8d364490ef9216582df799c","1","No"
"0x8abf2fd63ef087075bb89df8f58516e4fd6976d0","1","No"
"0x8b529ef78046008f9d1fbc91c7407030de96ee32","1","No"
"0x8b5b54634d0f798a9a7f90d57b1e99ac54219149","1","No"
"0x8be354f5995b7ced01802f96c3548a9593654966","1","No"
"0x8c6b88e525d6506e920fba1112761a28d65e824f","1","No"
"0x8ce041b078d77df852f84124445e96e3ddf81151","1","No"
"0x8d0eefa504af1116b29bfb1bf65e76b830ee3982","1","No"
"0x8d5a7e2a66140459a3a4f644014b60c61cff7246","1","No"
"0x8dc2b01747b184bca01f65d17d0871b613324bef","1","No"
"0x8e1bf950f5691ee1d04fedde1ca129407f49c6d3","1","No"
"0x8f1d0a46744858a320df364c61e13a193112e5a0","1","No"
"0x8f9617b9a020d96406a2aca3a2ac295a44c77b1d","1","No"
"0x8fa43e8dda539c799751265754f15ee7cc2338b2","1","No"
"0x8ff4393860a3c5536e4c0a8426620d513fa54592","1","No"
"0x8ffe1b28112019ffcaad641d02d807494bfd5188","1","No"
"0x90034386bbbd5b6461f1a2ec9cdf83711087c3f2","1","No"
"0x90771546fa0f89c87c9d15dff80e620e2c2271cf","1","No"
"0x9088e50ce6d622d17ba6c24f5a16d5d43dcbd27f","1","No"
"0x919ab4d004557bfd1140ab71b4bbc54ab6106769","1","No"
"0x91a4541edb77c1a0d4bf623e59404ae9b32e8fd1","1","No"
"0x91b6e960806835b10f3c93f75fab6139f7790cc5","1","No"
"0x91b8c3d54e38ceab2a570c7c9c794584dc6a18be","1","No"
"0x91d5109ef89c7fc9c0707022760e50ed9cb161c9","1","No"
"0x91f554adbd461e6f23db511e64d6416e2ed09cd5","1","No"
"0x93066b031da5cae0740742faec2b097d14b9597c","1","No"
"0x93aa97ee461800db66409e103b3d5024337e4b30","1","No"
"0x93fce1a4163b1124ef42fc015755209d8ce30c16","1","No"
"0x940346ef1c275a5f5449a90830616fabce0a6bd4","1","No"
"0x94db6e53e4ed54323b344e461978bd83015193e1","1","No"
"0x94e06fdc4fac229b0e3c8aaf3eb7a349dca480c1","1","No"
"0x94ef37ba4ce76843221e333e2d86dec9cae4127b","1","No"
"0x94fce6639079e0a2a46e3e8d2af801dae47ffa8f","1","No"
"0x9566e68544d2f754b38f3221cd753cce6d1261dc","1","No"
"0x95971b6eda7d2d53a5a1e328c1dbab4c0a79a844","1","No"
"0x95aa2912b4026284fba7498a01467525adeddab9","1","No"
"0x965c34a4e327d0f92f2a1fc962f45bee68d986a8","1","No"
"0x965f609467e8021f7a01ae5ef5eb76ce1d36a5b0","1","No"
"0x9709767c24886dcfe9618774c870ad16b9b4e170","1","No"
"0x978c6cb14e53e9438fe52b421ece5cfc6cb9091f","1","No"
"0x98c4f069e5e43d85f0f5dd57a9edc935cb480573","1","No"
"0x9914de54ee3ffe6e09333db0b3e2cae72dbae6f1","1","No"
"0x991f60d3f5a9a705377ecc34dd8ac7fddb84efad","1","No"
"0x9969e219c71b56706f3bc74edef75657ef5c5235","1","No"
"0x99ccc11aaa39e32a7b85929f8f6c05ebd414fba1","1","No"
"0x9a636d9e104152b5144c21e63499d8b9f4b897e3","1","No"
"0x9a728946fb52398d0daa719a147721afa8960d81","1","No"
"0x9c09926927201527812364cf97aa9bb962a638b5","1","No"
"0x9c27ce13f193c55b47aaa24edc90f42dabba452a","1","No"
"0x9d041b6113bb702b5b9aaf294ba94c89631b82c4","1","No"
"0x9d1999a03d183fb73fd83947783cb9f19d0cde50","1","No"
"0x9d2b7f53e65faa86f8f08f177fcb81b1d7b603c8","1","No"
"0x9efac8630411dd7db647921aa48d6ac8ae8e5c38","1","No"
"0x9f131cc86f954bfb1b88b348a10b709aaa9acb63","1","No"
"0x9f35e8879c85e1e9ecf38ca02da1bc663bde58a7","1","No"
"0x9f3c061270c4492bc65bf976762742a861e6236a","1","No"
"0xa085e7b2935c573f45a72bb01cdb9a83af4fbea6","1","No"
"0xa09335bc9fdcbab09f0d2e0a98c009a43936a679","1","No"
"0xa0e1c233e1dc195aec608f050e85e2c8000acf11","1","No"
"0xa17cbcc5247856d538290de3bf2016189dcef259","1","No"
"0xa1edb5b959cb4ac4c98854dd3f6681f500f94bc4","1","No"
"0xa215a05adcc719fa9f269dd3705834c8a908fec2","1","No"
"0xa2bc303d8a2de9f52cdac038680196c0e6d35fc7","1","No"
"0xa2f17baac9e5bbeb653d13674302acaa82e3eed6","1","No"
"0xa30c3a65bae036024bca70d905951d00397d589b","1","No"
"0xa384a49893ce1393dbc32e5ffa8c17df3c2c54ad","1","No"
"0xa4484043b067a4034e3898d0bfb6ca743f2beeac","1","No"
"0xa46d4f5388ef075e113d6495e55e1d74a06f02f5","1","No"
"0xa49224407bfbcfced35d70657f44041b8e162ef9","1","No"
"0xa4cd26a567908aac033b3d8a61e8f0fde844d384","1","No"
"0xa512731e615bb6ad7e92f54631e9b57235631b1b","1","No"
"0xa56a7802dd7f7d26a9c382888f4f90d9ace6d501","1","No"
"0xa612b47ba0d87f8cd6dca3fac5a78ef6a2a4ee4c","1","No"
"0xa6a80baf6aa7cea720d468f9712b28a087217be1","1","No"
"0xa7db89bc0d3312561a7a9f083544fe496a52805c","1","No"
"0xa81d465f8950d8999173eb9aba97f9c12d1758f5","1","No"
"0xa828b9693dd04913e4c38cb2609d2d3f6359850f","1","No"
"0xa8d9af9291e83934554f3e770dfa2f50640e9a2a","1","No"
"0xa8f5f66472058f251da1b531963c0a211df2b5da","1","No"
"0xa92a16e2e63391e7acec88459721db1e6620cda7","1","No"
"0xa9378d12e2d03f03da2279922b321f2c23301782","1","No"
"0xa97aa338d7ab6e2d26b04d7bcf72bbf048156ecd","1","No"
"0xa9b717d78dfefdab43e9c9174037fdfde1de8180","1","No"
"0xaa49eef8fd3d5ab1bce48b44725cbe85b26a2e0e","1","No"
"0xaae7a94230e12b98c44f6a028994fb0fd2ac396e","1","No"
"0xab6c040db91e3cfbddb36125e85786462f06488f","1","No"
"0xabff1e9cfa87ee14fee544c64957392852d9113d","1","No"
"0xac9a102344ee0b22334dc09668674da1d2844df4","1","No"
"0xaca477941e03fe8b58598cf5c14976f5d8853cae","1","No"
"0xacfeaf8b8611ef5eee49216dcb1425c97bf93be9","1","No"
"0xacff90ecc79fe2775b49f938501b39998802a4a7","1","No"
"0xad27c490efd068c35a66fefcd953a8d91dc987b2","1","No"
"0xae5e74b447820bba3c6069356c31d84b6973e12e","1","No"
"0xae61d8b886847ae9071c820605816f40467d80c6","1","No"
"0xaf22f6b6f4fc708dd14a803019866461b02aac8d","1","No"
"0xafe396335f475bed43ed0ad836453cb39578b842","1","No"
"0xb00f775cc37f4b6da3663a62c1db960e358fc431","1","No"
"0xb0b9cbd9b3b10fbec20aaf819dfc29c9936089e4","1","No"
"0xb1117682208d482d240b1c0729e708cc5323cd40","1","No"
"0xb1890243823c5370ab90a3df29df797808922337","1","No"
"0xb22981ba3fe1de2325935c91a3b717168fb86714","1","No"
"0xb253623405480dff25464289e3a86ebcf5053cf8","1","No"
"0xb333ce7353cc2cd32490966521f930e883c46927","1","No"
"0xb375ca4635efd84cf3ba8a0ddde432b947a36b1e","1","No"
"0xb38d6bf02768aade7d74deb3c198fe726c87f21b","1","No"
"0xb47287d6c7a020384a6f08d534d8f0024365be30","1","No"
"0xb4dfb13c93cab62dece567873d601b25775a2b9c","1","No"
"0xb53778863f6d05673de46b43303d59ea0c7111f0","1","No"
"0xb5c3ea81a32129d49842631b02579998f8223660","1","No"
"0xb61db22851760ba97aedde4d4b294b584ba9d1d4","1","No"
"0xb645ea519d3bb18a03eb0e059e5f6a70a793b4fc","1","No"
"0xb69521d4513029049fe6bbd932078d4f3634badb","1","No"
"0xb799e4e6e3b1ef02a035acf57b9d694e4f1332ed","1","No"
"0xb7b9e3b018745252a2ad0717f5af3906ef442d01","1","No"
"0xb7f0f0c0179e247b8ffc88dee314b2cd5682a425","1","No"
"0xb839fcad840d14575e381932e570468648ee79f7","1","No"
"0xb8af8a96ca7f0fa85520a255cd6e1e1db23bd58c","1","No"
"0xb8d1047861979e496ead3c37dd0370d122b095d2","1","No"
"0xb8ddfbdcf40e659a7d178504c6387f8e6a75c13b","1","No"
"0xba7d36444bc82cd6832d0b4d0f57184b47c3fef2","1","No"
"0xbad033cdbd98787e5b4b5372ce9d8a64259574b8","1","No"
"0xbaf998fadacda768ec57cec8fe7b79e3b5863d0f","1","No"
"0xbc0e7c2eee1ff1c61449fad2d11923a1c0097f2b","1","No"
"0xbc177ccf330b081d7807682947d446e00e8d3a44","1","No"
"0xbc26e27974aebb5dab4bf32c48b20a1c784f724e","1","No"
"0xbc44ccb8f69032372cb0661480aca53351e468cd","1","No"
"0xbc4940e28e717c77fca453b5c94aa9f53fb8fe06","1","No"
"0xbc6aec819ccf52a3d24e87763898134b37412cfa","1","No"
"0xbc9ac2a0b7d165e4ab0c1bab0878eba229023f92","1","No"
"0xbccaa4425b979ec3a09962fb2e1d84cb15750e3d","1","No"
"0xbdc538477c4568eb40bc69002b6f1121e18e07ae","1","No"
"0xbdd0ed5c150b537ef3a8bd2898492fc7a8854021","1","No"
"0xbdea97ce18f899f23348807d0206c1d0ef53ce5b","1","No"
"0xbdfc614ecbcf9d386fad2df615d04d9314a9d511","1","No"
"0xbe6d84a503908f7ade8471d4f4b5bed5ecca4643","1","No"
"0xbee174bb3b567ba65ffd00ca637dbe17c33dfc04","1","No"
"0xbf078d3b452dd709fad4e98ea67f6dcdadf0fa03","1","No"
"0xc1116102e18aa9fe93e7be5e506f4d976f72ed53","1","No"
"0xc1650f59296626b83b1a2727589f2df768c61b74","1","No"
"0xc1752d50fd37353db184dfdace46c35f29f3f317","1","No"
"0xc1e224bc462cd451f7779ebaa034dd6ba066bec0","1","No"
"0xc23cffd2375ade722720fb625ee0af8efcb7d622","1","No"
"0xc27f17371c6d5c981b4c19e46cd6af8f44a93fec","1","No"
"0xc318f02afc7fb3be0ad8259f3c6b9e466902df01","1","No"
"0xc3fb846c3dba3b5affe4d263b55d9bee25f9cb4f","1","No"
"0xc3fdd6a2d23c37374fe319410b4f8079fd699632","1","No"
"0xc46e5f8516f0f8ab988b8c46514b6f785a9ac9b1","1","No"
"0xc493b2186818a6e4313c5d1ad724d53905570754","1","No"
"0xc513f38b2a6457e75c6de1f95b60f9f318a34ed4","1","No"
"0xc531122605a7ffe8022ed715901f8eea8237e7ec","1","No"
"0xc60f3f791750359364ab176eae0936c40af2d80b","1","No"
"0xc6d6510000166c4e4043a68249952a7fd9650e19","1","No"
"0xc718862a2026669314048e2ea779f025bdea84da","1","No"
"0xc775a96f44975c2543c9f13ef3aff49128eea55e","1","No"
"0xc799be8de03f20b2d3b101e6f6516d614e6ffe06","1","No"
"0xc817c390e009114686d35765fb8acff44f267976","1","No"
"0xc85add40e8b3a8c783bdedbd5dd152697e85dbff","1","No"
"0xc89aac3ba173fceed69599064d1beaf0bc66860c","1","No"
"0xc89d0473858fc916283d645f60c21def5cfc9ea3","1","No"
"0xc92ac99d06f620398a9e160043c033101f4a2951","1","No"
"0xc94b4883e69a4d0cfb966432daf124c7e6d2ca01","1","No"
"0xc950a5b78898919660745436229d7a7e70fa2a6a","1","No"
"0xca72cc4f36e494ba62fcf432b31f41897c9fff00","1","No"
"0xcab79fc4a49051ff0f7bccf93382855dc7526629","1","No"
"0xcbb3d8ec990ae76fc85c86c5e41a3be370a14a49","1","No"
"0xcbc25efbe3593396b4c4a6d9031daa31bf357f8d","1","No"
"0xcc0e261d4367f766ae0c3ef64d79368f15fe3dbb","1","No"
"0xcd0afba7432f84bca4d8fbd6d3828605fa8d4b5a","1","No"
"0xcd3db4991bd3e4491483e1575fbe09e3bf5caa45","1","No"
"0xcd6522891ffcede7d9ebfb0a3e00f9157263d192","1","No"
"0xcdbc969d2903342acb04c921adcd5b6ce1a3b911","1","No"
"0xce0847682cfd36e439da21ad8e0d8e4f3d5625f9","1","No"
"0xce92725edddb3d36e9dc8e250093f78dcd7f4012","1","No"
"0xcecc0a0102962c884b98f2977d24c7f2952bf2d3","1","No"
"0xcf1342e816321f53f466edcb7b148d9213e48a6c","1","No"
"0xcf3ed25ac9483bd57119a660a298ebfb08590660","1","No"
"0xcf6ddfa5d4b43ada7ba78a43e0703d912db3209c","1","No"
"0xcfa4fc9b13e58c907425122c9dde2cfd6e6bb12a","1","No"
"0xcfe7542096dfbe8b4438b7231def48ccc63af360","1","No"
"0xd0aa673ed693e85eda20925e73c739db98f78bea","1","No"
"0xd15099f850f98d48f565dc070f27192997a6b91f","1","No"
"0xd1f32511b4d160cbb050d3f05bd07f6c0ef47a8c","1","No"
"0xd29f846c08d1d59fee2600803711deb2cecf388d","1","No"
"0xd2aa2637cb286e815049952799b100ea65814b66","1","No"
"0xd3661b5276547aea4f4f9af7d431565494c58479","1","No"
"0xd408d0821fd7035194224098ee1659b703f2e1b2","1","No"
"0xd412fa0145f2ed73dd7ed36a4a75a288cb31236c","1","No"
"0xd4988fe020fc4317244135cdf263226724155e3e","1","No"
"0xd5281b0011eb37ab391e59add92ccb33a6870816","1","No"
"0xd5480be181f4417828ff619d8b6df48e10f3ebab","1","No"
"0xd676f009bb7219ebcd3175b536229fe6ce312b99","1","No"
"0xd6fcfbe5d76d6ce0e77f00f5a370f8c677ea7150","1","No"
"0xd722fe8c1ebc95471da98625651d2c704991b809","1","No"
"0xd83f98b5e4a0de208725990ae216d072302f450d","1","No"
"0xd8d632a4b7604c69fc70ee5040ba413f02007ad7","1","No"
"0xd943439035892a01d82756e7d941b788ec53e0e9","1","No"
"0xd967d9204e8f89461699d239bc749ae66075c94d","1","No"
"0xd9abc8165afa7fc11a7571cf69cee6b918ad2f9c","1","No"
"0xda0a7a03b231e50741d703061f97e643c6c9aeb4","1","No"
"0xdaaf3c8f3d6accdef64b814e4267d861cf546391","1","No"
"0xdb1b6c565cda1c9299d8e8d56acbcc28e976bf17","1","No"
"0xdba49e1d120889a625a39b32c5dbd6ea0d095adf","1","No"
"0xdc0e1b41e8f85ce894b3bea84225b7c320bd762e","1","No"
"0xdcff443d0b70884680549e35c6d2ed75789d90f4","1","No"
"0xdda8495162c24a4bdc52acbb811f4e39cb177fe6","1","No"
"0xddc914c84984bbed958dd5dbd02fcd4cf4c5cffd","1","No"
"0xde37c26f75a5ddd3419b9d0907b535c0633a2e05","1","No"
"0xde75e318519c38d205041096385ddb041a9123e4","1","No"
"0xdfcf27dcc877e7d09de530848c1960462219e6a8","1","No"
"0xe0ada27cbc05cc7c99d4467b9053b5099f82a358","1","No"
"0xe0d57a4f9888bf5f8e31bb398e52034d7281752b","1","No"
"0xe15494e529d8ce5a9b37ad51bd082a884cf3fa74","1","No"
"0xe18067c9ef5985b1716b14311aa57a7de166ce43","1","No"
"0xe18173b6e3f018a66500e719ecefefa97ef92032","1","No"
"0xe2ccaa82a3dacfc2ac30eb43c3f5368035d8083a","1","No"
"0xe359f340a0ff6d5b535067793773dd31b61187b5","1","No"
"0xe43e5d37f8014f54f3a0cd2a13ef8703fa0c782e","1","No"
"0xe4be764f8dbc9d1b9ec22331df40126b00d9f1b3","1","No"
"0xe5382b31cc858532972fcb27b772f53b71b67f69","1","No"
"0xe6b5a31d8bb53d2c769864ac137fe25f4989f1fd","1","No"
"0xe775a0066862903f528fb3b6c5464127791779be","1","No"
"0xe792c449a6b03ba35abe680f491bb67f7488c428","1","No"
"0xe7cfa09b9385968507bbe31e943977f658159906","1","No"
"0xe8a7372c13fdeaa369cb2b6b7470a6d630686f3c","1","No"
"0xe8bd730e6f69d064194313480a4ad95dbf7f3e58","1","No"
"0xe8dfc3c135e70308813d6060700215a62c40abcf","1","No"
"0xe950352cad5b0c0ea9158f288aef9537bcf8fe00","1","No"
"0xe99848ea3b2ec9e891d572d151e587ee2897051a","1","No"
"0xe9fc5360283f3ed88e96bdd13aaedb6e7c73a474","1","No"
"0xea11da23da540535368511d702d9030c803816d6","1","No"
"0xeacedf6ccbbc081854531c7784f65af8dd909c0c","1","No"
"0xeadd5e553c456ded1ca7634d125c45b8b3f27dc9","1","No"
"0xeaff724ab3e787cdab7af7efbfcea1048a8c8b15","1","No"
"0xeb191a461d9dc40a197b2fb3607277e23472d63f","1","No"
"0xeb2288a80c38566dd3ed6a2167683c0d642172b9","1","No"
"0xeba24c5fbb3615e375c269a661abd6acf063d876","1","No"
"0xebe8a338b808a9debc06154e39bbe97f095d7338","1","No"
"0xec37ede97780d93c5a92b8fc7c04aa6710cff833","1","No"
"0xec593e1ad002512e15c7e0e02d1a5c966b10fcb4","1","No"
"0xec6ba66a6d19fc4b6e123fbdba59e310d6d767e0","1","No"
"0xec9146b0d06ff6d504abfdf310ffba49096d3409","1","No"
"0xecc499de521ee7fae406c597e91c4c54384c44e6","1","No"
"0xece531a80add304b73d8d4b947f2daae64647eda","1","No"
"0xed8f74db2a4aab443fb44fcd947e176c9413d16b","1","No"
"0xedf6401ba847c270c2866f2729911f289c597a04","1","No"
"0xee120b4f753e0d3e092c45505c1358471d1d508f","1","No"
"0xee24b841f40e5b2504f44a209cd2eeb64c597355","1","No"
"0xee50c3c7b7cb0ea0aae889219121534f976e4974","1","No"
"0xef6ee1ece8664605493e69de51f490c096beeaa7","1","No"
"0xeff141ccecd6a84ededc39d2b276b4821d458068","1","No"
"0xf14a71bfcec8e077eff7f545eeaaa9a7339f656b","1","No"
"0xf1855aa2700349958a9cc27bd9262c444d8d4999","1","No"
"0xf1c68bae103be7b4566599d828697c16be4021b5","1","No"
"0xf21abb3cd8a9bf89d1240bdefa2ab43dfefd18e5","1","No"
"0xf2669c537dd01387494fd318a48a85adf0c0a6fe","1","No"
"0xf279152ca88c2e6620f85c59df6fcde9d43ce386","1","No"
"0xf2ac6c3d98bc42a34e430a856d627862add285f3","1","No"
"0xf2fa8861d69b7cfe1c392daa0e7b6089c79a7909","1","No"
"0xf38066691c603b80f35d204aaab553443f1b0f51","1","No"
"0xf3e0842239c0a81f5a9752d9393478604861e9e2","1","No"
"0xf4bca480fd809e5b949a1a4113176c5253a0515f","1","No"
"0xf638730527b0ab00ddc522a3ec6483f6c35c9c83","1","No"
"0xf6e92e82113f61fc96f7b1b24cc4e0293392c521","1","No"
"0xf701e2f078f863efd2e2bd0d6c4d4fbb53d90485","1","No"
"0xf708571fe5dc0d44545a22860c95b21cca77fde0","1","No"
"0xf7aeb59c88a32838b76cce394fa3a71e85df1017","1","No"
"0xf885cac6f34b24558dd5b3662420a212327ff4c5","1","No"
"0xf8d307bc22158c8b1852881da9a7dbd97dfd7df3","1","No"
"0xf925a73119b0e80d7856de30938a5e948fbac4c3","1","No"
"0xf99f3a81220737206ddbc8b633dd8e8d972929bf","1","No"
"0xf9e66b809ed80393fe79b84d233209a6036fac94","1","No"
"0xfa276155e09c92c2a6665608a91de8d5a5cf3272","1","No"
"0xfa9b9fdfaae9bdbab29636060293df2b65409088","1","No"
"0xfb55957f8699f00448bdde8e8c95ccc41dee8865","1","No"
"0xfbf0736eb2ac1c4bb0193ae54c53e182b18037fc","1","No"
"0xfc1a162cad8edb2ca1649340177429d7342e7531","1","No"
"0xfc33385efa9494eb442fc9c0a7d4d71cd0dcf203","1","No"
"0xfc9369f4141f82ea6e8eb67fa97ebb040b944da6","1","No"
"0xfc9b404b198c7d35110903a5570299cd642999ff","1","No"
"0xfcf977412620dbd5a8d2fecbb70cc98c8c400a29","1","No"
"0xfd41ac34a5388aead22f878d0cfba357da41d6e8","1","No"
"0xfdb8e676d9935fd8c1df12060e2969e61a302b4e","1","No"
"0xfe4fd306770781d307639ffd798708d1b758aa52","1","No"
"0xfe67648a6b97751d7931e73b74a5b65917bdb06a","1","No"
"0xfe918244845a5c0b9d67a8bee6cdcd32c0f7116c","1","No"
"0xff049db435a90555d6574686509e6013a0505ed0","1","No"
"0xff25e66c3b230569d791fe24d748934418926ce8","1","No"
"0xff26bc495aeb361aa8ae0107b6ff566d580c8640","1","No"
"0xff3885ef026edc8609037b0f3cdade548e302624","1","No"
"0xff6429388da539bb16ec568c3a746cba0314643f","1","No"
